pack,asset,stage,category,tier,weapon_profile,pattern_count,pattern_ids,preview,review_flags
volume_1_patterns,roster-ammo-crate,1,hazard,,radial,3,ammo-crate-proximity-bloom | ammo-crate-delayed-cross | ammo-crate-flak-blossom,,metadata only; per-enemy runtime frames absent
volume_1_patterns,roster-camo-attack-jet,1,air,,dual,3,camo-attack-jet-aimed-burst | camo-attack-jet-bracket-fan | camo-attack-jet-flak-blossom,,metadata only; per-enemy runtime frames absent
volume_1_patterns,roster-fuel-barrel,1,hazard,,radial,3,fuel-barrel-proximity-bloom | fuel-barrel-delayed-cross | fuel-barrel-flak-blossom,,metadata only; per-enemy runtime frames absent
volume_1_patterns,roster-fuel-tank,1,ground,,single,3,fuel-tank-aimed-burst | fuel-tank-bracket-fan | fuel-tank-flak-blossom,,metadata only; per-enemy runtime frames absent
volume_1_patterns,roster-jungle-apc,1,ground,,single,3,jungle-apc-aimed-burst | jungle-apc-bracket-fan | jungle-apc-flak-blossom,,metadata only; per-enemy runtime frames absent
volume_1_patterns,roster-jungle-bomber,1,bomber,,bomb,3,jungle-bomber-aimed-burst | jungle-bomber-bracket-fan | jungle-bomber-flak-blossom,,metadata only; per-enemy runtime frames absent
volume_1_patterns,roster-jungle-mini-tank,1,ground,,single,3,jungle-mini-tank-aimed-burst | jungle-mini-tank-bracket-fan | jungle-mini-tank-flak-blossom,,metadata only; per-enemy runtime frames absent
volume_1_patterns,roster-jungle-tank,1,ground,,single,3,jungle-tank-aimed-burst | jungle-tank-bracket-fan | jungle-tank-flak-blossom,,metadata only; per-enemy runtime frames absent
volume_1_patterns,roster-landing-craft,1,naval,,dual,3,landing-craft-aimed-burst | landing-craft-bracket-fan | landing-craft-flak-blossom,,metadata only; per-enemy runtime frames absent
volume_1_patterns,roster-missile-gunboat,1,naval,,dual,3,missile-gunboat-aimed-burst | missile-gunboat-bracket-fan | missile-gunboat-flak-blossom,,metadata only; per-enemy runtime frames absent
volume_1_patterns,roster-prop-attack-plane,1,air,,dual,3,prop-attack-plane-aimed-burst | prop-attack-plane-bracket-fan | prop-attack-plane-flak-blossom,,metadata only; per-enemy runtime frames absent
volume_1_patterns,roster-river-corvette,1,naval,,dual,3,river-corvette-aimed-burst | river-corvette-bracket-fan | river-corvette-flak-blossom,,metadata only; per-enemy runtime frames absent
volume_1_patterns,roster-river-mine,1,hazard,,radial,3,river-mine-proximity-bloom | river-mine-delayed-cross | river-mine-flak-blossom,,metadata only; per-enemy runtime frames absent
volume_1_patterns,roster-river-patrol-boat,1,naval,,dual,3,river-patrol-boat-aimed-burst | river-patrol-boat-bracket-fan | river-patrol-boat-flak-blossom,,metadata only; per-enemy runtime frames absent
volume_1_patterns,roster-rocket-buggy,1,missile,,dual,3,rocket-buggy-aimed-burst | rocket-buggy-bracket-fan | rocket-buggy-flak-blossom,,metadata only; per-enemy runtime frames absent
volume_1_patterns,roster-vtol-gunship,1,air,,dual,3,vtol-gunship-aimed-burst | vtol-gunship-bracket-fan | vtol-gunship-flak-blossom,,metadata only; per-enemy runtime frames absent
volume_1_patterns,roster-armored-lava-boat,2,naval,,dual,3,armored-lava-boat-aimed-burst | armored-lava-boat-bracket-fan | armored-lava-boat-eruption-crown,,metadata only; per-enemy runtime frames absent
volume_1_patterns,roster-drill-buggy,2,ground,,single,3,drill-buggy-aimed-burst | drill-buggy-bracket-fan | drill-buggy-eruption-crown,,metadata only; per-enemy runtime frames absent
volume_1_patterns,roster-eruption-pod,2,hazard,,radial,3,eruption-pod-proximity-bloom | eruption-pod-delayed-cross | eruption-pod-eruption-crown,,metadata only; per-enemy runtime frames absent
volume_1_patterns,roster-heat-shielded-barrel,2,hazard,,radial,3,heat-shielded-barrel-proximity-bloom | heat-shielded-barrel-delayed-cross | heat-shielded-barrel-eruption-crown,,metadata only; per-enemy runtime frames absent
volume_1_patterns,roster-lava-crawler,2,ground,,single,3,lava-crawler-aimed-burst | lava-crawler-bracket-fan | lava-crawler-eruption-crown,,metadata only; per-enemy runtime frames absent
volume_1_patterns,roster-magma-artillery,2,ground,,single,3,magma-artillery-aimed-burst | magma-artillery-bracket-fan | magma-artillery-eruption-crown,,metadata only; per-enemy runtime frames absent
volume_1_patterns,roster-magma-skimmer,2,air,,dual,3,magma-skimmer-aimed-burst | magma-skimmer-bracket-fan | magma-skimmer-eruption-crown,,metadata only; per-enemy runtime frames absent
volume_1_patterns,roster-mini-drill-tank,2,ground,,single,3,mini-drill-tank-aimed-burst | mini-drill-tank-bracket-fan | mini-drill-tank-eruption-crown,,metadata only; per-enemy runtime frames absent
volume_1_patterns,roster-molten-drone,2,air,,dual,3,molten-drone-aimed-burst | molten-drone-bracket-fan | molten-drone-eruption-crown,,metadata only; per-enemy runtime frames absent
volume_1_patterns,roster-tracked-flame-turret,2,ground,,single,3,tracked-flame-turret-aimed-burst | tracked-flame-turret-bracket-fan | tracked-flame-turret-eruption-crown,,metadata only; per-enemy runtime frames absent
volume_1_patterns,roster-volcanic-elite-interceptor,2,air,,dual,3,volcanic-elite-interceptor-aimed-burst | volcanic-elite-interceptor-bracket-fan | volcanic-elite-interceptor-eruption-crown,,metadata only; per-enemy runtime frames absent
volume_1_patterns,roster-volcanic-mine,2,hazard,,radial,3,volcanic-mine-proximity-bloom | volcanic-mine-delayed-cross | volcanic-mine-eruption-crown,,metadata only; per-enemy runtime frames absent
volume_1_patterns,structural-ash-drone,2,air,,dual,3,ash-drone-aimed-burst | ash-drone-bracket-fan | ash-drone-eruption-crown,,metadata only; per-enemy runtime frames absent
volume_1_patterns,structural-basalt-bomber,2,bomber,,bomb,3,basalt-bomber-aimed-burst | basalt-bomber-bracket-fan | basalt-bomber-eruption-crown,,metadata only; per-enemy runtime frames absent
volume_1_patterns,structural-ember-fighter,2,air,,dual,3,ember-fighter-aimed-burst | ember-fighter-bracket-fan | ember-fighter-eruption-crown,,metadata only; per-enemy runtime frames absent
volume_1_patterns,structural-eruption-turret,2,ground,,single,3,eruption-turret-aimed-burst | eruption-turret-bracket-fan | eruption-turret-eruption-crown,,metadata only; per-enemy runtime frames absent
volume_1_patterns,structural-flame-mini-tank,2,ground,,single,3,flame-mini-tank-aimed-burst | flame-mini-tank-bracket-fan | flame-mini-tank-eruption-crown,,metadata only; per-enemy runtime frames absent
volume_1_patterns,structural-furnace-rocket-convoy,2,missile,,dual,3,furnace-rocket-convoy-aimed-burst | furnace-rocket-convoy-bracket-fan | furnace-rocket-convoy-eruption-crown,,metadata only; per-enemy runtime frames absent
volume_1_patterns,structural-lava-drill-carrier,2,missile,,dual,3,lava-drill-carrier-aimed-burst | lava-drill-carrier-bracket-fan | lava-drill-carrier-eruption-crown,,metadata only; per-enemy runtime frames absent
volume_1_patterns,structural-lava-skimmer,2,air,,dual,3,lava-skimmer-aimed-burst | lava-skimmer-bracket-fan | lava-skimmer-eruption-crown,,metadata only; per-enemy runtime frames absent
volume_1_patterns,structural-magma-battle-tank,2,ground,,single,3,magma-battle-tank-aimed-burst | magma-battle-tank-bracket-fan | magma-battle-tank-eruption-crown,,metadata only; per-enemy runtime frames absent
volume_1_patterns,structural-magma-mine,2,hazard,,radial,3,magma-mine-proximity-bloom | magma-mine-delayed-cross | magma-mine-eruption-crown,,metadata only; per-enemy runtime frames absent
volume_1_patterns,structural-obsidian-gunship,2,air,,dual,3,obsidian-gunship-aimed-burst | obsidian-gunship-bracket-fan | obsidian-gunship-eruption-crown,,metadata only; per-enemy runtime frames absent
volume_1_patterns,structural-volcanic-attack-helicopter,2,air,,dual,3,volcanic-attack-helicopter-aimed-burst | volcanic-attack-helicopter-bracket-fan | volcanic-attack-helicopter-eruption-crown,,metadata only; per-enemy runtime frames absent
volume_1_patterns,structural-volcanic-tracked-artillery,2,ground,,single,3,volcanic-tracked-artillery-aimed-burst | volcanic-tracked-artillery-bracket-fan | volcanic-tracked-artillery-eruption-crown,,metadata only; per-enemy runtime frames absent
volume_1_patterns,roster-aa-sled,3,ground,,single,3,aa-sled-aimed-burst | aa-sled-bracket-fan | aa-sled-crystal-guillotine,,metadata only; per-enemy runtime frames absent
volume_1_patterns,roster-cryo-barge,3,naval,,dual,3,cryo-barge-aimed-burst | cryo-barge-bracket-fan | cryo-barge-crystal-guillotine,,metadata only; per-enemy runtime frames absent
volume_1_patterns,roster-elite-ice-interceptor,3,air,,dual,3,elite-ice-interceptor-aimed-burst | elite-ice-interceptor-bracket-fan | elite-ice-interceptor-crystal-guillotine,,metadata only; per-enemy runtime frames absent
volume_1_patterns,roster-explosive-cryo-canister,3,hazard,,radial,3,explosive-cryo-canister-proximity-bloom | explosive-cryo-canister-delayed-cross | explosive-cryo-canister-crystal-guillotine,,metadata only; per-enemy runtime frames absent
volume_1_patterns,roster-frozen-turret,3,ground,,single,3,frozen-turret-aimed-burst | frozen-turret-bracket-fan | frozen-turret-crystal-guillotine,,metadata only; per-enemy runtime frames absent
volume_1_patterns,roster-glacier-drone,3,air,,dual,3,glacier-drone-aimed-burst | glacier-drone-bracket-fan | glacier-drone-crystal-guillotine,,metadata only; per-enemy runtime frames absent
volume_1_patterns,roster-ice-crawler,3,ground,,single,3,ice-crawler-aimed-burst | ice-crawler-bracket-fan | ice-crawler-crystal-guillotine,,metadata only; per-enemy runtime frames absent
volume_1_patterns,roster-ice-skimmer,3,air,,dual,3,ice-skimmer-aimed-burst | ice-skimmer-bracket-fan | ice-skimmer-crystal-guillotine,,metadata only; per-enemy runtime frames absent
volume_1_patterns,roster-shard-mine,3,hazard,,radial,3,shard-mine-proximity-bloom | shard-mine-delayed-cross | shard-mine-crystal-guillotine,,metadata only; per-enemy runtime frames absent
volume_1_patterns,roster-snow-tank,3,ground,,single,3,snow-tank-aimed-burst | snow-tank-bracket-fan | snow-tank-crystal-guillotine,,metadata only; per-enemy runtime frames absent
volume_1_patterns,roster-snowmobile-gunner,3,air,,dual,3,snowmobile-gunner-aimed-burst | snowmobile-gunner-bracket-fan | snowmobile-gunner-crystal-guillotine,,metadata only; per-enemy runtime frames absent
volume_1_patterns,roster-tracked-frost-artillery,3,ground,,single,3,tracked-frost-artillery-aimed-burst | tracked-frost-artillery-bracket-fan | tracked-frost-artillery-crystal-guillotine,,metadata only; per-enemy runtime frames absent
volume_1_patterns,structural-blizzard-bomber,3,bomber,,bomb,3,blizzard-bomber-aimed-burst | blizzard-bomber-bracket-fan | blizzard-bomber-crystal-guillotine,,metadata only; per-enemy runtime frames absent
volume_1_patterns,structural-cryo-mini-tank,3,ground,,single,3,cryo-mini-tank-aimed-burst | cryo-mini-tank-bracket-fan | cryo-mini-tank-crystal-guillotine,,metadata only; per-enemy runtime frames absent
volume_1_patterns,structural-cryo-skimmer,3,air,,dual,3,cryo-skimmer-aimed-burst | cryo-skimmer-bracket-fan | cryo-skimmer-crystal-guillotine,,metadata only; per-enemy runtime frames absent
volume_1_patterns,structural-freezer-reactor-transport,3,hazard,,radial,3,freezer-reactor-transport-proximity-bloom | freezer-reactor-transport-delayed-cross | freezer-reactor-transport-crystal-guillotine,,metadata only; per-enemy runtime frames absent
volume_1_patterns,structural-frost-battle-tank,3,ground,,single,3,frost-battle-tank-aimed-burst | frost-battle-tank-bracket-fan | frost-battle-tank-crystal-guillotine,,metadata only; per-enemy runtime frames absent
volume_1_patterns,structural-frost-mine,3,hazard,,radial,3,frost-mine-proximity-bloom | frost-mine-delayed-cross | frost-mine-crystal-guillotine,,metadata only; per-enemy runtime frames absent
volume_1_patterns,structural-frozen-attack-helicopter,3,air,,dual,3,frozen-attack-helicopter-aimed-burst | frozen-attack-helicopter-bracket-fan | frozen-attack-helicopter-crystal-guillotine,,metadata only; per-enemy runtime frames absent
volume_1_patterns,structural-glacial-tracked-artillery,3,ground,,single,3,glacial-tracked-artillery-aimed-burst | glacial-tracked-artillery-bracket-fan | glacial-tracked-artillery-crystal-guillotine,,metadata only; per-enemy runtime frames absent
volume_1_patterns,structural-glacier-gunship,3,air,,dual,3,glacier-gunship-aimed-burst | glacier-gunship-bracket-fan | glacier-gunship-crystal-guillotine,,metadata only; per-enemy runtime frames absent
volume_1_patterns,structural-ice-shard-fighter,3,air,,dual,3,ice-shard-fighter-aimed-burst | ice-shard-fighter-bracket-fan | ice-shard-fighter-crystal-guillotine,,metadata only; per-enemy runtime frames absent
volume_1_patterns,structural-icebreaker-crawler,3,ground,,single,3,icebreaker-crawler-aimed-burst | icebreaker-crawler-bracket-fan | icebreaker-crawler-crystal-guillotine,,metadata only; per-enemy runtime frames absent
volume_1_patterns,structural-icicle-turret,3,ground,,single,3,icicle-turret-aimed-burst | icicle-turret-bracket-fan | icicle-turret-crystal-guillotine,,metadata only; per-enemy runtime frames absent
volume_1_patterns,structural-snowstorm-drone,3,air,,dual,3,snowstorm-drone-aimed-burst | snowstorm-drone-bracket-fan | snowstorm-drone-crystal-guillotine,,metadata only; per-enemy runtime frames absent
volume_1_patterns,roster-airfield-tank,4,ground,,single,3,airfield-tank-aimed-burst | airfield-tank-bracket-fan | airfield-tank-missile-star,,metadata only; per-enemy runtime frames absent
volume_1_patterns,roster-armored-tractor,4,ground,,single,3,armored-tractor-aimed-burst | armored-tractor-bracket-fan | armored-tractor-missile-star,,metadata only; per-enemy runtime frames absent
volume_1_patterns,roster-blacksite-interceptor,4,air,,dual,3,blacksite-interceptor-aimed-burst | blacksite-interceptor-bracket-fan | blacksite-interceptor-missile-star,,metadata only; per-enemy runtime frames absent
volume_1_patterns,roster-command-plane,4,air,,dual,3,command-plane-aimed-burst | command-plane-bracket-fan | command-plane-missile-star,,metadata only; per-enemy runtime frames absent
volume_1_patterns,roster-explosive-barrel,4,hazard,,radial,3,explosive-barrel-proximity-bloom | explosive-barrel-delayed-cross | explosive-barrel-missile-star,,metadata only; per-enemy runtime frames absent
volume_1_patterns,roster-fuel-tanker,4,ground,,single,3,fuel-tanker-aimed-burst | fuel-tanker-bracket-fan | fuel-tanker-missile-star,,metadata only; per-enemy runtime frames absent
volume_1_patterns,roster-gunship-bomber,4,bomber,,bomb,3,gunship-bomber-aimed-burst | gunship-bomber-bracket-fan | gunship-bomber-missile-star,,metadata only; per-enemy runtime frames absent
volume_1_patterns,roster-heavy-attack-jet,4,air,,dual,3,heavy-attack-jet-aimed-burst | heavy-attack-jet-bracket-fan | heavy-attack-jet-missile-star,,metadata only; per-enemy runtime frames absent
volume_1_patterns,roster-missile-vehicle,4,missile,,dual,3,missile-vehicle-aimed-burst | missile-vehicle-bracket-fan | missile-vehicle-missile-star,,metadata only; per-enemy runtime frames absent
volume_1_patterns,roster-rocket-plane,4,missile,,dual,3,rocket-plane-aimed-burst | rocket-plane-bracket-fan | rocket-plane-missile-star,,metadata only; per-enemy runtime frames absent
volume_1_patterns,roster-runway-mini-tank,4,ground,,single,3,runway-mini-tank-aimed-burst | runway-mini-tank-bracket-fan | runway-mini-tank-missile-star,,metadata only; per-enemy runtime frames absent
volume_1_patterns,roster-sam-carrier,4,missile,,dual,3,sam-carrier-aimed-burst | sam-carrier-bracket-fan | sam-carrier-missile-star,,metadata only; per-enemy runtime frames absent
volume_1_patterns,roster-scout-car,4,air,,dual,3,scout-car-aimed-burst | scout-car-bracket-fan | scout-car-missile-star,,metadata only; per-enemy runtime frames absent
volume_1_patterns,roster-stealth-delta,4,air,,dual,3,stealth-delta-aimed-burst | stealth-delta-bracket-fan | stealth-delta-missile-star,,metadata only; per-enemy runtime frames absent
volume_1_patterns,roster-twin-tail-fighter,4,air,,dual,3,twin-tail-fighter-aimed-burst | twin-tail-fighter-bracket-fan | twin-tail-fighter-missile-star,,metadata only; per-enemy runtime frames absent
volume_1_patterns,roster-vtol-striker,4,air,,dual,3,vtol-striker-aimed-burst | vtol-striker-bracket-fan | vtol-striker-missile-star,,metadata only; per-enemy runtime frames absent
volume_1_patterns,structural-armored-personnel-carrier,4,missile,,dual,3,armored-personnel-carrier-aimed-burst | armored-personnel-carrier-bracket-fan | armored-personnel-carrier-missile-star,,metadata only; per-enemy runtime frames absent
volume_1_patterns,structural-attack-helicopter,4,air,,dual,3,attack-helicopter-aimed-burst | attack-helicopter-bracket-fan | attack-helicopter-missile-star,,metadata only; per-enemy runtime frames absent
volume_1_patterns,structural-attack-jet,4,air,,dual,3,attack-jet-aimed-burst | attack-jet-bracket-fan | attack-jet-missile-star,,metadata only; per-enemy runtime frames absent
volume_1_patterns,structural-bunker-turret,4,ground,,single,3,bunker-turret-aimed-burst | bunker-turret-bracket-fan | bunker-turret-missile-star,,metadata only; per-enemy runtime frames absent
volume_1_patterns,structural-combat-drone,4,air,,dual,3,combat-drone-aimed-burst | combat-drone-bracket-fan | combat-drone-missile-star,,metadata only; per-enemy runtime frames absent
volume_1_patterns,structural-explosive-ammo-fuel-truck,4,ground,,single,3,explosive-ammo-fuel-truck-aimed-burst | explosive-ammo-fuel-truck-bracket-fan | explosive-ammo-fuel-truck-missile-star,,metadata only; per-enemy runtime frames absent
volume_1_patterns,structural-heavy-gunship,4,air,,dual,3,heavy-gunship-aimed-burst | heavy-gunship-bracket-fan | heavy-gunship-missile-star,,metadata only; per-enemy runtime frames absent
volume_1_patterns,structural-main-battle-tank,4,ground,,single,3,main-battle-tank-aimed-burst | main-battle-tank-bracket-fan | main-battle-tank-missile-star,,metadata only; per-enemy runtime frames absent
volume_1_patterns,structural-missile-carrier,4,missile,,dual,3,missile-carrier-aimed-burst | missile-carrier-bracket-fan | missile-carrier-missile-star,,metadata only; per-enemy runtime frames absent
volume_1_patterns,structural-mobile-sam,4,missile,,dual,3,mobile-sam-aimed-burst | mobile-sam-bracket-fan | mobile-sam-missile-star,,metadata only; per-enemy runtime frames absent
volume_1_patterns,structural-self-propelled-artillery,4,ground,,single,3,self-propelled-artillery-aimed-burst | self-propelled-artillery-bracket-fan | self-propelled-artillery-missile-star,,metadata only; per-enemy runtime frames absent
volume_1_patterns,structural-stealth-bomber,4,bomber,,bomb,3,stealth-bomber-aimed-burst | stealth-bomber-bracket-fan | stealth-bomber-missile-star,,metadata only; per-enemy runtime frames absent
volume_1_patterns,structural-urban-mini-tank,4,ground,,single,3,urban-mini-tank-aimed-burst | urban-mini-tank-bracket-fan | urban-mini-tank-missile-star,,metadata only; per-enemy runtime frames absent
volume_1_patterns,roster-beam-frigate,5,energy,,single,3,beam-frigate-aimed-burst | beam-frigate-bracket-fan | beam-frigate-fracture-halo,,metadata only; per-enemy runtime frames absent
volume_1_patterns,roster-comet-rammer,5,air,,dual,3,comet-rammer-aimed-burst | comet-rammer-bracket-fan | comet-rammer-fracture-halo,,metadata only; per-enemy runtime frames absent
volume_1_patterns,roster-debris-skimmer,5,air,,dual,3,debris-skimmer-aimed-burst | debris-skimmer-bracket-fan | debris-skimmer-fracture-halo,,metadata only; per-enemy runtime frames absent
volume_1_patterns,roster-gravity-orb,5,hazard,,radial,3,gravity-orb-proximity-bloom | gravity-orb-delayed-cross | gravity-orb-fracture-halo,,metadata only; per-enemy runtime frames absent
volume_1_patterns,roster-heavy-interceptor,5,air,,dual,3,heavy-interceptor-aimed-burst | heavy-interceptor-bracket-fan | heavy-interceptor-fracture-halo,,metadata only; per-enemy runtime frames absent
volume_1_patterns,roster-mine-layer,5,hazard,,radial,3,mine-layer-proximity-bloom | mine-layer-delayed-cross | mine-layer-fracture-halo,,metadata only; per-enemy runtime frames absent
volume_1_patterns,roster-missile-satellite,5,missile,,dual,3,missile-satellite-aimed-burst | missile-satellite-bracket-fan | missile-satellite-fracture-halo,,metadata only; per-enemy runtime frames absent
volume_1_patterns,roster-portal-mine,5,hazard,,radial,3,portal-mine-proximity-bloom | portal-mine-delayed-cross | portal-mine-fracture-halo,,metadata only; per-enemy runtime frames absent
volume_1_patterns,roster-repair-drone,5,air,,dual,3,repair-drone-aimed-burst | repair-drone-bracket-fan | repair-drone-fracture-halo,,metadata only; per-enemy runtime frames absent
volume_1_patterns,roster-salvage-tug,5,air,,dual,3,salvage-tug-aimed-burst | salvage-tug-bracket-fan | salvage-tug-fracture-halo,,metadata only; per-enemy runtime frames absent
volume_1_patterns,roster-shield-leech,5,bio,,dual,3,shield-leech-aimed-burst | shield-leech-bracket-fan | shield-leech-fracture-halo,,metadata only; per-enemy runtime frames absent
volume_1_patterns,roster-twin-station-miniboss,5,air,,dual,3,twin-station-miniboss-aimed-burst | twin-station-miniboss-bracket-fan | twin-station-miniboss-fracture-halo,,metadata only; per-enemy runtime frames absent
volume_1_patterns,structural-antimatter-mine,5,hazard,,radial,3,antimatter-mine-proximity-bloom | antimatter-mine-delayed-cross | antimatter-mine-fracture-halo,,metadata only; per-enemy runtime frames absent
volume_1_patterns,structural-asteroid-drone,5,air,,dual,3,asteroid-drone-aimed-burst | asteroid-drone-bracket-fan | asteroid-drone-fracture-halo,,metadata only; per-enemy runtime frames absent
volume_1_patterns,structural-attack-satellite,5,air,,dual,3,attack-satellite-aimed-burst | attack-satellite-bracket-fan | attack-satellite-fracture-halo,,metadata only; per-enemy runtime frames absent
volume_1_patterns,structural-chaos-bomber,5,bomber,,bomb,3,chaos-bomber-aimed-burst | chaos-bomber-bracket-fan | chaos-bomber-fracture-halo,,metadata only; per-enemy runtime frames absent
volume_1_patterns,structural-orbital-skimmer,5,hazard,,radial,3,orbital-skimmer-proximity-bloom | orbital-skimmer-delayed-cross | orbital-skimmer-fracture-halo,,metadata only; per-enemy runtime frames absent
volume_1_patterns,structural-orbital-turret-platform,5,hazard,,radial,3,orbital-turret-platform-proximity-bloom | orbital-turret-platform-delayed-cross | orbital-turret-platform-fracture-halo,,metadata only; per-enemy runtime frames absent
volume_1_patterns,structural-plasma-crawler-artillery,5,ground,,single,3,plasma-crawler-artillery-aimed-burst | plasma-crawler-artillery-bracket-fan | plasma-crawler-artillery-fracture-halo,,metadata only; per-enemy runtime frames absent
volume_1_patterns,structural-reactor-pod,5,hazard,,radial,3,reactor-pod-proximity-bloom | reactor-pod-delayed-cross | reactor-pod-fracture-halo,,metadata only; per-enemy runtime frames absent
volume_1_patterns,structural-satellite-mini-tank,5,ground,,single,3,satellite-mini-tank-aimed-burst | satellite-mini-tank-bracket-fan | satellite-mini-tank-fracture-halo,,metadata only; per-enemy runtime frames absent
volume_1_patterns,structural-space-interceptor,5,air,,dual,3,space-interceptor-aimed-burst | space-interceptor-bracket-fan | space-interceptor-fracture-halo,,metadata only; per-enemy runtime frames absent
volume_1_patterns,structural-space-rover-tank,5,ground,,single,3,space-rover-tank-aimed-burst | space-rover-tank-bracket-fan | space-rover-tank-fracture-halo,,metadata only; per-enemy runtime frames absent
volume_1_patterns,structural-star-gunship,5,air,,dual,3,star-gunship-aimed-burst | star-gunship-bracket-fan | star-gunship-fracture-halo,,metadata only; per-enemy runtime frames absent
volume_1_patterns,structural-zero-g-siege-carrier,5,missile,,dual,3,zero-g-siege-carrier-aimed-burst | zero-g-siege-carrier-bracket-fan | zero-g-siege-carrier-fracture-halo,,metadata only; per-enemy runtime frames absent
volume_1_patterns,roster-cloud-lancer,6,energy,,single,3,cloud-lancer-aimed-burst | cloud-lancer-bracket-fan | cloud-lancer-thunder-cyclone,,metadata only; per-enemy runtime frames absent
volume_1_patterns,roster-cyclone-interceptor,6,air,,dual,3,cyclone-interceptor-aimed-burst | cyclone-interceptor-bracket-fan | cyclone-interceptor-thunder-cyclone,,metadata only; per-enemy runtime frames absent
volume_1_patterns,roster-four-engine-bomber,6,bomber,,bomb,3,four-engine-bomber-aimed-burst | four-engine-bomber-bracket-fan | four-engine-bomber-thunder-cyclone,,metadata only; per-enemy runtime frames absent
volume_1_patterns,roster-lightning-mine,6,hazard,,radial,3,lightning-mine-proximity-bloom | lightning-mine-delayed-cross | lightning-mine-thunder-cyclone,,metadata only; per-enemy runtime frames absent
volume_1_patterns,roster-lightning-skimmer,6,energy,,single,3,lightning-skimmer-aimed-burst | lightning-skimmer-bracket-fan | lightning-skimmer-thunder-cyclone,,metadata only; per-enemy runtime frames absent
volume_1_patterns,roster-nuclear-carrier,6,missile,,dual,3,nuclear-carrier-aimed-burst | nuclear-carrier-bracket-fan | nuclear-carrier-thunder-cyclone,,metadata only; per-enemy runtime frames absent
volume_1_patterns,roster-reactor-storm-bomber-miniboss,6,hazard,,radial,3,reactor-storm-bomber-miniboss-proximity-bloom | reactor-storm-bomber-miniboss-delayed-cross | reactor-storm-bomber-miniboss-thunder-cyclone,,metadata only; per-enemy runtime frames absent
volume_1_patterns,roster-storm-buoy,6,hazard,,radial,3,storm-buoy-proximity-bloom | storm-buoy-delayed-cross | storm-buoy-thunder-cyclone,,metadata only; per-enemy runtime frames absent
volume_1_patterns,roster-storm-dart,6,air,,dual,3,storm-dart-aimed-burst | storm-dart-bracket-fan | storm-dart-thunder-cyclone,,metadata only; per-enemy runtime frames absent
volume_1_patterns,roster-thunder-fighter,6,air,,dual,3,thunder-fighter-aimed-burst | thunder-fighter-bracket-fan | thunder-fighter-thunder-cyclone,,metadata only; per-enemy runtime frames absent
volume_1_patterns,roster-turbine-drone,6,air,,dual,3,turbine-drone-aimed-burst | turbine-drone-bracket-fan | turbine-drone-thunder-cyclone,,metadata only; per-enemy runtime frames absent
volume_1_patterns,roster-weather-probe,6,hazard,,radial,3,weather-probe-proximity-bloom | weather-probe-delayed-cross | weather-probe-thunder-cyclone,,metadata only; per-enemy runtime frames absent
volume_1_patterns,structural-airborne-curved-turret-platform,6,ground,,single,3,airborne-curved-turret-platform-aimed-burst | airborne-curved-turret-platform-bracket-fan | airborne-curved-turret-platform-thunder-cyclone,,metadata only; per-enemy runtime frames absent
volume_1_patterns,structural-airfare-attack-helicopter,6,air,,dual,3,airfare-attack-helicopter-aimed-burst | airfare-attack-helicopter-bracket-fan | airfare-attack-helicopter-thunder-cyclone,,metadata only; per-enemy runtime frames absent
volume_1_patterns,structural-armored-refueling-tanker,6,ground,,single,3,armored-refueling-tanker-aimed-burst | armored-refueling-tanker-bracket-fan | armored-refueling-tanker-thunder-cyclone,,metadata only; per-enemy runtime frames absent
volume_1_patterns,structural-awacs-radar-plane,6,air,,dual,3,awacs-radar-plane-aimed-burst | awacs-radar-plane-bracket-fan | awacs-radar-plane-thunder-cyclone,,metadata only; per-enemy runtime frames absent
volume_1_patterns,structural-flying-arsenal-pod,6,hazard,,radial,3,flying-arsenal-pod-proximity-bloom | flying-arsenal-pod-delayed-cross | flying-arsenal-pod-thunder-cyclone,,metadata only; per-enemy runtime frames absent
volume_1_patterns,structural-heavy-bomber,6,bomber,,bomb,3,heavy-bomber-aimed-burst | heavy-bomber-bracket-fan | heavy-bomber-thunder-cyclone,,metadata only; per-enemy runtime frames absent
volume_1_patterns,structural-interceptor,6,air,,dual,3,interceptor-aimed-burst | interceptor-bracket-fan | interceptor-thunder-cyclone,,metadata only; per-enemy runtime frames absent
volume_1_patterns,structural-missile-drone,6,missile,,dual,3,missile-drone-aimed-burst | missile-drone-bracket-fan | missile-drone-thunder-cyclone,,metadata only; per-enemy runtime frames absent
volume_1_patterns,structural-missile-vtol,6,missile,,dual,3,missile-vtol-aimed-burst | missile-vtol-bracket-fan | missile-vtol-thunder-cyclone,,metadata only; per-enemy runtime frames absent
volume_1_patterns,structural-radar-weapon-platform,6,air,,dual,3,radar-weapon-platform-aimed-burst | radar-weapon-platform-bracket-fan | radar-weapon-platform-thunder-cyclone,,metadata only; per-enemy runtime frames absent
volume_1_patterns,structural-supersonic-fighter,6,air,,dual,3,supersonic-fighter-aimed-burst | supersonic-fighter-bracket-fan | supersonic-fighter-thunder-cyclone,,metadata only; per-enemy runtime frames absent
volume_1_patterns,structural-swarm-leader-drone,6,air,,dual,3,swarm-leader-drone-aimed-burst | swarm-leader-drone-bracket-fan | swarm-leader-drone-thunder-cyclone,,metadata only; per-enemy runtime frames absent
volume_1_patterns,structural-twin-rotor-gunship,6,air,,dual,3,twin-rotor-gunship-aimed-burst | twin-rotor-gunship-bracket-fan | twin-rotor-gunship-thunder-cyclone,,metadata only; per-enemy runtime frames absent
volume_1_patterns,roster-armored-lamprey,7,bio,,dual,3,armored-lamprey-aimed-burst | armored-lamprey-bracket-fan | armored-lamprey-spore-crown,,metadata only; per-enemy runtime frames absent
volume_1_patterns,roster-armored-sludge-barge,7,naval,,dual,3,armored-sludge-barge-aimed-burst | armored-sludge-barge-bracket-fan | armored-sludge-barge-spore-crown,,metadata only; per-enemy runtime frames absent
volume_1_patterns,roster-dual-scoop-dredger-miniboss,7,naval,,dual,3,dual-scoop-dredger-miniboss-aimed-burst | dual-scoop-dredger-miniboss-bracket-fan | dual-scoop-dredger-miniboss-spore-crown,,metadata only; per-enemy runtime frames absent
volume_1_patterns,roster-pipe-crawler,7,ground,,single,3,pipe-crawler-aimed-burst | pipe-crawler-bracket-fan | pipe-crawler-spore-crown,,metadata only; per-enemy runtime frames absent
volume_1_patterns,roster-piston-pump-walker,7,ground,,single,3,piston-pump-walker-aimed-burst | piston-pump-walker-bracket-fan | piston-pump-walker-spore-crown,,metadata only; per-enemy runtime frames absent
volume_1_patterns,roster-sampling-drone,7,missile,,dual,3,sampling-drone-aimed-burst | sampling-drone-bracket-fan | sampling-drone-spore-crown,,metadata only; per-enemy runtime frames absent
volume_1_patterns,roster-sewer-serpent,7,bio,,dual,3,sewer-serpent-aimed-burst | sewer-serpent-bracket-fan | sewer-serpent-spore-crown,,metadata only; per-enemy runtime frames absent
volume_1_patterns,roster-sludge-mine,7,hazard,,radial,3,sludge-mine-proximity-bloom | sludge-mine-delayed-cross | sludge-mine-spore-crown,,metadata only; per-enemy runtime frames absent
volume_1_patterns,roster-toxic-canister,7,hazard,,radial,3,toxic-canister-proximity-bloom | toxic-canister-delayed-cross | toxic-canister-spore-crown,,metadata only; per-enemy runtime frames absent
volume_1_patterns,roster-toxic-mini-tank,7,ground,,single,3,toxic-mini-tank-aimed-burst | toxic-mini-tank-bracket-fan | toxic-mini-tank-spore-crown,,metadata only; per-enemy runtime frames absent
volume_1_patterns,roster-toxic-skimmer,7,bio,,dual,3,toxic-skimmer-aimed-burst | toxic-skimmer-bracket-fan | toxic-skimmer-spore-crown,,metadata only; per-enemy runtime frames absent
volume_1_patterns,roster-valve-turret,7,ground,,single,3,valve-turret-aimed-burst | valve-turret-bracket-fan | valve-turret-spore-crown,,metadata only; per-enemy runtime frames absent
volume_1_patterns,structural-mutant-bio-mech,7,bio,,dual,3,mutant-bio-mech-aimed-burst | mutant-bio-mech-bracket-fan | mutant-bio-mech-spore-crown,,metadata only; per-enemy runtime frames absent
volume_1_patterns,structural-pipe-crawler,7,ground,,single,3,pipe-crawler-aimed-burst | pipe-crawler-bracket-fan | pipe-crawler-spore-crown,,metadata only; per-enemy runtime frames absent
volume_1_patterns,structural-pipe-turret,7,ground,,single,3,pipe-turret-aimed-burst | pipe-turret-bracket-fan | pipe-turret-spore-crown,,metadata only; per-enemy runtime frames absent
volume_1_patterns,structural-pump-station-drone,7,air,,dual,3,pump-station-drone-aimed-burst | pump-station-drone-bracket-fan | pump-station-drone-spore-crown,,metadata only; per-enemy runtime frames absent
volume_1_patterns,structural-purifier-gunship,7,air,,dual,3,purifier-gunship-aimed-burst | purifier-gunship-bracket-fan | purifier-gunship-spore-crown,,metadata only; per-enemy runtime frames absent
volume_1_patterns,structural-sewer-maintenance-drone,7,air,,dual,3,sewer-maintenance-drone-aimed-burst | sewer-maintenance-drone-bracket-fan | sewer-maintenance-drone-spore-crown,,metadata only; per-enemy runtime frames absent
volume_1_patterns,structural-sewer-tracked-artillery,7,ground,,single,3,sewer-tracked-artillery-aimed-burst | sewer-tracked-artillery-bracket-fan | sewer-tracked-artillery-spore-crown,,metadata only; per-enemy runtime frames absent
volume_1_patterns,structural-sludge-barrel-cluster,7,hazard,,radial,3,sludge-barrel-cluster-proximity-bloom | sludge-barrel-cluster-delayed-cross | sludge-barrel-cluster-spore-crown,,metadata only; per-enemy runtime frames absent
volume_1_patterns,structural-sludge-battle-tank,7,ground,,single,3,sludge-battle-tank-aimed-burst | sludge-battle-tank-bracket-fan | sludge-battle-tank-spore-crown,,metadata only; per-enemy runtime frames absent
volume_1_patterns,structural-toxic-bat-drone,7,bio,,dual,3,toxic-bat-drone-aimed-burst | toxic-bat-drone-bracket-fan | toxic-bat-drone-spore-crown,,metadata only; per-enemy runtime frames absent
volume_1_patterns,structural-toxic-mine,7,hazard,,radial,3,toxic-mine-proximity-bloom | toxic-mine-delayed-cross | toxic-mine-spore-crown,,metadata only; per-enemy runtime frames absent
volume_1_patterns,structural-toxic-mini-tank,7,ground,,single,3,toxic-mini-tank-aimed-burst | toxic-mini-tank-bracket-fan | toxic-mini-tank-spore-crown,,metadata only; per-enemy runtime frames absent
volume_1_patterns,structural-waste-skimmer,7,air,,dual,3,waste-skimmer-aimed-burst | waste-skimmer-bracket-fan | waste-skimmer-spore-crown,,metadata only; per-enemy runtime frames absent
volume_1_patterns,roster-armored-leech,8,bio,,dual,3,armored-leech-aimed-burst | armored-leech-bracket-fan | armored-leech-void-razor,,metadata only; per-enemy runtime frames absent
volume_1_patterns,roster-bone-interceptor,8,air,,dual,3,bone-interceptor-aimed-burst | bone-interceptor-bracket-fan | bone-interceptor-void-razor,,metadata only; per-enemy runtime frames absent
volume_1_patterns,roster-bone-manta,8,air,,dual,3,bone-manta-aimed-burst | bone-manta-bracket-fan | bone-manta-void-razor,,metadata only; per-enemy runtime frames absent
volume_1_patterns,roster-hunter-pod,8,hazard,,radial,3,hunter-pod-proximity-bloom | hunter-pod-delayed-cross | hunter-pod-void-razor,,metadata only; per-enemy runtime frames absent
volume_1_patterns,roster-multi-eye-death-orb,8,hazard,,radial,3,multi-eye-death-orb-proximity-bloom | multi-eye-death-orb-delayed-cross | multi-eye-death-orb-void-razor,,metadata only; per-enemy runtime frames absent
volume_1_patterns,roster-parasite-drone,8,bio,,dual,3,parasite-drone-aimed-burst | parasite-drone-bracket-fan | parasite-drone-void-razor,,metadata only; per-enemy runtime frames absent
volume_1_patterns,roster-razor-disc,8,air,,dual,3,razor-disc-aimed-burst | razor-disc-bracket-fan | razor-disc-void-razor,,metadata only; per-enemy runtime frames absent
volume_1_patterns,roster-skull-mine,8,hazard,,radial,3,skull-mine-proximity-bloom | skull-mine-delayed-cross | skull-mine-void-razor,,metadata only; per-enemy runtime frames absent
volume_1_patterns,roster-spawn-carrier-miniboss,8,missile,,dual,3,spawn-carrier-miniboss-aimed-burst | spawn-carrier-miniboss-bracket-fan | spawn-carrier-miniboss-void-razor,,metadata only; per-enemy runtime frames absent
volume_1_patterns,roster-symbiote-fighter,8,bio,,dual,3,symbiote-fighter-aimed-burst | symbiote-fighter-bracket-fan | symbiote-fighter-void-razor,,metadata only; per-enemy runtime frames absent
volume_1_patterns,roster-tentacle-cannon,8,bio,,dual,3,tentacle-cannon-aimed-burst | tentacle-cannon-bracket-fan | tentacle-cannon-void-razor,,metadata only; per-enemy runtime frames absent
volume_1_patterns,roster-void-bomber,8,bomber,,bomb,3,void-bomber-aimed-burst | void-bomber-bracket-fan | void-bomber-void-razor,,metadata only; per-enemy runtime frames absent
volume_1_patterns,structural-alien-fury-fighter,8,air,,dual,3,alien-fury-fighter-aimed-burst | alien-fury-fighter-bracket-fan | alien-fury-fighter-void-razor,,metadata only; per-enemy runtime frames absent
volume_1_patterns,structural-alien-mini-crawler,8,ground,,single,3,alien-mini-crawler-aimed-burst | alien-mini-crawler-bracket-fan | alien-mini-crawler-void-razor,,metadata only; per-enemy runtime frames absent
volume_1_patterns,structural-alien-tank-crawler,8,ground,,single,3,alien-tank-crawler-aimed-burst | alien-tank-crawler-bracket-fan | alien-tank-crawler-void-razor,,metadata only; per-enemy runtime frames absent
volume_1_patterns,structural-bio-artillery,8,ground,,single,3,bio-artillery-aimed-burst | bio-artillery-bracket-fan | bio-artillery-void-razor,,metadata only; per-enemy runtime frames absent
volume_1_patterns,structural-blade-skimmer,8,air,,dual,3,blade-skimmer-aimed-burst | blade-skimmer-bracket-fan | blade-skimmer-void-razor,,metadata only; per-enemy runtime frames absent
volume_1_patterns,structural-chaos-alien-bomber,8,bomber,,bomb,3,chaos-alien-bomber-aimed-burst | chaos-alien-bomber-bracket-fan | chaos-alien-bomber-void-razor,,metadata only; per-enemy runtime frames absent
volume_1_patterns,structural-chaos-incubation-pod,8,hazard,,radial,3,chaos-incubation-pod-proximity-bloom | chaos-incubation-pod-delayed-cross | chaos-incubation-pod-void-razor,,metadata only; per-enemy runtime frames absent
volume_1_patterns,structural-living-eye-turret,8,ground,,single,3,living-eye-turret-aimed-burst | living-eye-turret-bracket-fan | living-eye-turret-void-razor,,metadata only; per-enemy runtime frames absent
volume_1_patterns,structural-rage-carrier,8,missile,,dual,3,rage-carrier-aimed-burst | rage-carrier-bracket-fan | rage-carrier-void-razor,,metadata only; per-enemy runtime frames absent
volume_1_patterns,structural-rage-mine,8,hazard,,radial,3,rage-mine-proximity-bloom | rage-mine-delayed-cross | rage-mine-void-razor,,metadata only; per-enemy runtime frames absent
volume_1_patterns,structural-swarm-drone,8,air,,dual,3,swarm-drone-aimed-burst | swarm-drone-bracket-fan | swarm-drone-void-razor,,metadata only; per-enemy runtime frames absent
volume_1_patterns,structural-symbiote-beast,8,bio,,dual,3,symbiote-beast-aimed-burst | symbiote-beast-bracket-fan | symbiote-beast-void-razor,,metadata only; per-enemy runtime frames absent
volume_1_patterns,structural-tentacle-gunship,8,bio,,dual,3,tentacle-gunship-aimed-burst | tentacle-gunship-bracket-fan | tentacle-gunship-void-razor,,metadata only; per-enemy runtime frames absent
volume_1_patterns,structural-alien-beacon,9,hazard,,radial,3,alien-beacon-proximity-bloom | alien-beacon-delayed-cross | alien-beacon-warp-lattice,,metadata only; per-enemy runtime frames absent
volume_1_patterns,structural-chronal-crawler-tank,9,ground,,single,3,chronal-crawler-tank-aimed-burst | chronal-crawler-tank-bracket-fan | chronal-crawler-tank-warp-lattice,,metadata only; per-enemy runtime frames absent
volume_1_patterns,structural-comet-skimmer,9,air,,dual,3,comet-skimmer-aimed-burst | comet-skimmer-bracket-fan | comet-skimmer-warp-lattice,,metadata only; per-enemy runtime frames absent
volume_1_patterns,structural-dimensional-gunship,9,energy,,single,3,dimensional-gunship-aimed-burst | dimensional-gunship-bracket-fan | dimensional-gunship-warp-lattice,,metadata only; per-enemy runtime frames absent
volume_1_patterns,structural-galaxy-interceptor,9,energy,,single,3,galaxy-interceptor-aimed-burst | galaxy-interceptor-bracket-fan | galaxy-interceptor-warp-lattice,,metadata only; per-enemy runtime frames absent
volume_1_patterns,structural-gate-carrier,9,missile,,dual,3,gate-carrier-aimed-burst | gate-carrier-bracket-fan | gate-carrier-warp-lattice,,metadata only; per-enemy runtime frames absent
volume_1_patterns,structural-gate-turret,9,ground,,single,3,gate-turret-aimed-burst | gate-turret-bracket-fan | gate-turret-warp-lattice,,metadata only; per-enemy runtime frames absent
volume_1_patterns,structural-gravity-artillery,9,ground,,single,3,gravity-artillery-aimed-burst | gravity-artillery-bracket-fan | gravity-artillery-warp-lattice,,metadata only; per-enemy runtime frames absent
volume_1_patterns,structural-hyperspace-prism,9,energy,,single,3,hyperspace-prism-aimed-burst | hyperspace-prism-bracket-fan | hyperspace-prism-warp-lattice,,metadata only; per-enemy runtime frames absent
volume_1_patterns,structural-mini-warp-tank,9,ground,,single,3,mini-warp-tank-aimed-burst | mini-warp-tank-bracket-fan | mini-warp-tank-warp-lattice,,metadata only; per-enemy runtime frames absent
volume_1_patterns,structural-ring-drone,9,air,,dual,3,ring-drone-aimed-burst | ring-drone-bracket-fan | ring-drone-warp-lattice,,metadata only; per-enemy runtime frames absent
volume_1_patterns,structural-singularity-mine,9,hazard,,radial,3,singularity-mine-proximity-bloom | singularity-mine-delayed-cross | singularity-mine-warp-lattice,,metadata only; per-enemy runtime frames absent
volume_1_patterns,structural-warp-bomber,9,bomber,,bomb,3,warp-bomber-aimed-burst | warp-bomber-bracket-fan | warp-bomber-warp-lattice,,metadata only; per-enemy runtime frames absent
volume_2_systems,airbase-grey-scout,4,scout,standard,,4,airbase-grey-scout-aimed-burst | airbase-grey-scout-bracket-fan | airbase-grey-scout-dash-burst | airbase-grey-scout-critical-rage,CF_EnemyCombatSystems-Vol.2/Edited/airbase-grey-scout/airbase-grey-scout-preview.gif,
volume_2_systems,airbase-heavy-fighter,4,air,standard,,4,airbase-heavy-fighter-aimed-burst | airbase-heavy-fighter-bracket-fan | airbase-heavy-fighter-weaving-fan | airbase-heavy-fighter-critical-rage,CF_EnemyCombatSystems-Vol.2/Edited/airbase-heavy-fighter/airbase-heavy-fighter-preview.gif,
volume_2_systems,airbase-olive-jet,4,air,standard,,4,airbase-olive-jet-aimed-burst | airbase-olive-jet-bracket-fan | airbase-olive-jet-weaving-fan | airbase-olive-jet-critical-rage,CF_EnemyCombatSystems-Vol.2/Edited/airbase-olive-jet/airbase-olive-jet-preview.gif,death dissolves/fades
volume_2_systems,airbase-strike-wing,4,air,standard,,4,airbase-strike-wing-aimed-burst | airbase-strike-wing-bracket-fan | airbase-strike-wing-weaving-fan | airbase-strike-wing-critical-rage,CF_EnemyCombatSystems-Vol.2/Edited/airbase-strike-wing/airbase-strike-wing-preview.gif,
volume_2_systems,ammo-crate,1,hazard,standard,,4,ammo-crate-proximity-bloom | ammo-crate-fuse-burst | ammo-crate-chain-detonation | ammo-crate-rage-ring,CF_EnemyCombatSystems-Vol.2/Edited/ammo-crate/ammo-crate-preview.gif,death dissolves/fades
volume_2_systems,black-delta,6,air,standard,,4,black-delta-aimed-burst | black-delta-bracket-fan | black-delta-weaving-fan | black-delta-critical-rage,CF_EnemyCombatSystems-Vol.2/Edited/black-delta/black-delta-preview.gif,
volume_2_systems,blacksteel-carrier,6,carrier,elite,,4,blacksteel-carrier-aimed-burst | blacksteel-carrier-bracket-fan | blacksteel-carrier-turret-lattice | blacksteel-carrier-critical-rage,CF_EnemyCombatSystems-Vol.2/Edited/blacksteel-carrier/blacksteel-carrier-preview.gif,death dissolves/fades; frame touches canvas border
volume_2_systems,camo-attack-jet,1,air,standard,,4,camo-attack-jet-aimed-burst | camo-attack-jet-bracket-fan | camo-attack-jet-weaving-fan | camo-attack-jet-critical-rage,CF_EnemyCombatSystems-Vol.2/Edited/camo-attack-jet/camo-attack-jet-preview.gif,death dissolves/fades
volume_2_systems,cryo-spear,3,carrier,elite,,4,cryo-spear-aimed-burst | cryo-spear-bracket-fan | cryo-spear-turret-lattice | cryo-spear-critical-rage,CF_EnemyCombatSystems-Vol.2/Edited/cryo-spear/cryo-spear-preview.gif,death dissolves/fades; frame touches canvas border
volume_2_systems,crystal-breaker,9,razor,standard,,4,crystal-breaker-aimed-burst | crystal-breaker-bracket-fan | crystal-breaker-razor-spiral | crystal-breaker-critical-rage,CF_EnemyCombatSystems-Vol.2/Edited/crystal-breaker/crystal-breaker-preview.gif,death dissolves/fades
volume_2_systems,ember-interceptor,6,scout,standard,,4,ember-interceptor-aimed-burst | ember-interceptor-bracket-fan | ember-interceptor-dash-burst | ember-interceptor-critical-rage,CF_EnemyCombatSystems-Vol.2/Edited/ember-interceptor/ember-interceptor-preview.gif,
volume_2_systems,fuel-barrel,1,hazard,standard,,4,fuel-barrel-proximity-bloom | fuel-barrel-fuse-burst | fuel-barrel-chain-detonation | fuel-barrel-rage-ring,CF_EnemyCombatSystems-Vol.2/Edited/fuel-barrel/fuel-barrel-preview.gif,death dissolves/fades
volume_2_systems,fuel-tank,1,hazard,standard,,4,fuel-tank-proximity-bloom | fuel-tank-fuse-burst | fuel-tank-chain-detonation | fuel-tank-rage-ring,CF_EnemyCombatSystems-Vol.2/Edited/fuel-tank/fuel-tank-preview.gif,death dissolves/fades
volume_2_systems,furious-bloodwing,8,manta,elite,,4,furious-bloodwing-aimed-burst | furious-bloodwing-bracket-fan | furious-bloodwing-crescent-sweep | furious-bloodwing-critical-rage,CF_EnemyCombatSystems-Vol.2/Edited/furious-bloodwing/furious-bloodwing-preview.gif,death dissolves/fades
volume_2_systems,furious-core-leviathan,8,fortress,boss,,4,furious-core-leviathan-aimed-burst | furious-core-leviathan-bracket-fan | furious-core-leviathan-section-barrage | furious-core-leviathan-critical-rage,CF_EnemyCombatSystems-Vol.2/Edited/furious-core-leviathan/furious-core-leviathan-preview.gif,death dissolves/fades; frame touches canvas border
volume_2_systems,furious-null-disk,8,razor,elite,,4,furious-null-disk-aimed-burst | furious-null-disk-bracket-fan | furious-null-disk-razor-spiral | furious-null-disk-critical-rage,CF_EnemyCombatSystems-Vol.2/Edited/furious-null-disk/furious-null-disk-preview.gif,death dissolves/fades
volume_2_systems,furious-void-razor,8,razor,elite,,4,furious-void-razor-aimed-burst | furious-void-razor-bracket-fan | furious-void-razor-razor-spiral | furious-void-razor-critical-rage,CF_EnemyCombatSystems-Vol.2/Edited/furious-void-razor/furious-void-razor-preview.gif,death dissolves/fades
volume_2_systems,gravity-leech,9,bio,standard,,4,gravity-leech-aimed-burst | gravity-leech-bracket-fan | gravity-leech-leech-chain | gravity-leech-critical-rage,CF_EnemyCombatSystems-Vol.2/Edited/gravity-leech/gravity-leech-preview.gif,death dissolves/fades
volume_2_systems,inferno-reaver,2,carrier,elite,,4,inferno-reaver-aimed-burst | inferno-reaver-bracket-fan | inferno-reaver-turret-lattice | inferno-reaver-critical-rage,CF_EnemyCombatSystems-Vol.2/Edited/inferno-reaver/inferno-reaver-preview.gif,death dissolves/fades; frame touches canvas border
volume_2_systems,jungle-apc,1,ground,standard,,4,jungle-apc-aimed-burst | jungle-apc-bracket-fan | jungle-apc-armored-bracket | jungle-apc-critical-rage,CF_EnemyCombatSystems-Vol.2/Edited/jungle-apc/jungle-apc-preview.gif,death dissolves/fades
volume_2_systems,jungle-bomber,1,bomber,standard,,4,jungle-bomber-aimed-burst | jungle-bomber-bracket-fan | jungle-bomber-bomb-corridor | jungle-bomber-critical-rage,CF_EnemyCombatSystems-Vol.2/Edited/jungle-bomber/jungle-bomber-preview.gif,death dissolves/fades
volume_2_systems,jungle-cruiser,1,carrier,elite,,4,jungle-cruiser-aimed-burst | jungle-cruiser-bracket-fan | jungle-cruiser-turret-lattice | jungle-cruiser-critical-rage,CF_EnemyCombatSystems-Vol.2/Edited/jungle-cruiser/jungle-cruiser-preview.gif,death dissolves/fades; frame touches canvas border
volume_2_systems,jungle-heavy-tank,1,ground,standard,,4,jungle-heavy-tank-aimed-burst | jungle-heavy-tank-bracket-fan | jungle-heavy-tank-armored-bracket | jungle-heavy-tank-critical-rage,CF_EnemyCombatSystems-Vol.2/Edited/jungle-heavy-tank/jungle-heavy-tank-preview.gif,death dissolves/fades
volume_2_systems,jungle-mini-tank,1,ground,standard,,4,jungle-mini-tank-aimed-burst | jungle-mini-tank-bracket-fan | jungle-mini-tank-armored-bracket | jungle-mini-tank-critical-rage,CF_EnemyCombatSystems-Vol.2/Edited/jungle-mini-tank/jungle-mini-tank-preview.gif,death dissolves/fades
volume_2_systems,landing-craft,1,naval,standard,,4,landing-craft-aimed-burst | landing-craft-bracket-fan | landing-craft-wake-crossfire | landing-craft-critical-rage,CF_EnemyCombatSystems-Vol.2/Edited/landing-craft/landing-craft-preview.gif,death dissolves/fades
volume_2_systems,magmaward-critical,2,fortress,boss,,4,magmaward-critical-aimed-burst | magmaward-critical-bracket-fan | magmaward-critical-section-barrage | magmaward-critical-critical-rage,CF_EnemyCombatSystems-Vol.2/Edited/magmaward-critical/magmaward-critical-preview.gif,death dissolves/fades; frame touches canvas border
volume_2_systems,missile-gunboat,1,missile,standard,,4,missile-gunboat-aimed-burst | missile-gunboat-bracket-fan | missile-gunboat-seeker-salvo | missile-gunboat-critical-rage,CF_EnemyCombatSystems-Vol.2/Edited/missile-gunboat/missile-gunboat-preview.gif,death dissolves/fades
volume_2_systems,needle-fighter,6,needle,standard,,4,needle-fighter-aimed-burst | needle-fighter-bracket-fan | needle-fighter-needle-cross | needle-fighter-critical-rage,CF_EnemyCombatSystems-Vol.2/Edited/needle-fighter/needle-fighter-preview.gif,
volume_2_systems,olive-carrier,4,carrier,elite,,4,olive-carrier-aimed-burst | olive-carrier-bracket-fan | olive-carrier-turret-lattice | olive-carrier-critical-rage,CF_EnemyCombatSystems-Vol.2/Edited/olive-carrier/olive-carrier-preview.gif,death dissolves/fades; frame touches canvas border
volume_2_systems,olive-warden-critical,4,fortress,boss,,4,olive-warden-critical-aimed-burst | olive-warden-critical-bracket-fan | olive-warden-critical-section-barrage | olive-warden-critical-critical-rage,CF_EnemyCombatSystems-Vol.2/Edited/olive-warden-critical/olive-warden-critical-preview.gif,death dissolves/fades; frame touches canvas border
volume_2_systems,prism-needle,9,needle,standard,,4,prism-needle-aimed-burst | prism-needle-bracket-fan | prism-needle-needle-cross | prism-needle-critical-rage,CF_EnemyCombatSystems-Vol.2/Edited/prism-needle/prism-needle-preview.gif,
volume_2_systems,prop-attack-plane,1,air,standard,,4,prop-attack-plane-aimed-burst | prop-attack-plane-bracket-fan | prop-attack-plane-weaving-fan | prop-attack-plane-critical-rage,CF_EnemyCombatSystems-Vol.2/Edited/prop-attack-plane/prop-attack-plane-preview.gif,death dissolves/fades
volume_2_systems,rimewall-critical,3,fortress,boss,,4,rimewall-critical-aimed-burst | rimewall-critical-bracket-fan | rimewall-critical-section-barrage | rimewall-critical-critical-rage,CF_EnemyCombatSystems-Vol.2/Edited/rimewall-critical/rimewall-critical-preview.gif,death dissolves/fades; frame touches canvas border
volume_2_systems,river-corvette,1,naval,standard,,4,river-corvette-aimed-burst | river-corvette-bracket-fan | river-corvette-wake-crossfire | river-corvette-critical-rage,CF_EnemyCombatSystems-Vol.2/Edited/river-corvette/river-corvette-preview.gif,death dissolves/fades
volume_2_systems,river-mine,1,hazard,standard,,4,river-mine-proximity-bloom | river-mine-fuse-burst | river-mine-chain-detonation | river-mine-rage-ring,CF_EnemyCombatSystems-Vol.2/Edited/river-mine/river-mine-preview.gif,death dissolves/fades
volume_2_systems,river-patrol-boat,1,naval,standard,,4,river-patrol-boat-aimed-burst | river-patrol-boat-bracket-fan | river-patrol-boat-wake-crossfire | river-patrol-boat-critical-rage,CF_EnemyCombatSystems-Vol.2/Edited/river-patrol-boat/river-patrol-boat-preview.gif,death dissolves/fades
volume_2_systems,rocket-buggy,1,missile,standard,,4,rocket-buggy-aimed-burst | rocket-buggy-bracket-fan | rocket-buggy-seeker-salvo | rocket-buggy-critical-rage,CF_EnemyCombatSystems-Vol.2/Edited/rocket-buggy/rocket-buggy-preview.gif,death dissolves/fades
volume_2_systems,silver-tempest-bomber,6,bomber,elite,,4,silver-tempest-bomber-aimed-burst | silver-tempest-bomber-bracket-fan | silver-tempest-bomber-bomb-corridor | silver-tempest-bomber-critical-rage,CF_EnemyCombatSystems-Vol.2/Edited/silver-tempest-bomber/silver-tempest-bomber-preview.gif,death dissolves/fades
volume_2_systems,storm-heavy-bomber,6,bomber,elite,,4,storm-heavy-bomber-aimed-burst | storm-heavy-bomber-bracket-fan | storm-heavy-bomber-bomb-corridor | storm-heavy-bomber-critical-rage,CF_EnemyCombatSystems-Vol.2/Edited/storm-heavy-bomber/storm-heavy-bomber-preview.gif,
volume_2_systems,storm-olive-fortress,6,ground,elite,,4,storm-olive-fortress-aimed-burst | storm-olive-fortress-bracket-fan | storm-olive-fortress-armored-bracket | storm-olive-fortress-critical-rage,CF_EnemyCombatSystems-Vol.2/Edited/storm-olive-fortress/storm-olive-fortress-preview.gif,death dissolves/fades
volume_2_systems,storm-warhead-silo,6,missile,elite,,4,storm-warhead-silo-aimed-burst | storm-warhead-silo-bracket-fan | storm-warhead-silo-seeker-salvo | storm-warhead-silo-critical-rage,CF_EnemyCombatSystems-Vol.2/Edited/storm-warhead-silo/storm-warhead-silo-preview.gif,death dissolves/fades
volume_2_systems,temporal-splitter,9,missile,standard,,4,temporal-splitter-aimed-burst | temporal-splitter-bracket-fan | temporal-splitter-seeker-salvo | temporal-splitter-critical-rage,CF_EnemyCombatSystems-Vol.2/Edited/temporal-splitter/temporal-splitter-preview.gif,death dissolves/fades
volume_2_systems,twinwing-striker,6,air,standard,,4,twinwing-striker-aimed-burst | twinwing-striker-bracket-fan | twinwing-striker-weaving-fan | twinwing-striker-critical-rage,CF_EnemyCombatSystems-Vol.2/Edited/twinwing-striker/twinwing-striker-preview.gif,death dissolves/fades
volume_2_systems,void-bat,8,manta,elite,,4,void-bat-aimed-burst | void-bat-bracket-fan | void-bat-crescent-sweep | void-bat-critical-rage,CF_EnemyCombatSystems-Vol.2/Edited/void-bat/void-bat-preview.gif,death dissolves/fades; frame touches canvas border
volume_2_systems,void-manta,9,manta,standard,,4,void-manta-aimed-burst | void-manta-bracket-fan | void-manta-crescent-sweep | void-manta-critical-rage,CF_EnemyCombatSystems-Vol.2/Edited/void-manta/void-manta-preview.gif,death dissolves/fades
volume_2_systems,vtol-gunship,1,air,standard,,4,vtol-gunship-aimed-burst | vtol-gunship-bracket-fan | vtol-gunship-weaving-fan | vtol-gunship-critical-rage,CF_EnemyCombatSystems-Vol.2/Edited/vtol-gunship/vtol-gunship-preview.gif,death dissolves/fades
volume_2_systems,warp-skimmer,9,scout,standard,,4,warp-skimmer-aimed-burst | warp-skimmer-bracket-fan | warp-skimmer-dash-burst | warp-skimmer-critical-rage,CF_EnemyCombatSystems-Vol.2/Edited/warp-skimmer/warp-skimmer-preview.gif,
volume_2_systems,warp-warden,9,carrier,elite,,4,warp-warden-aimed-burst | warp-warden-bracket-fan | warp-warden-turret-lattice | warp-warden-critical-rage,CF_EnemyCombatSystems-Vol.2/Edited/warp-warden/warp-warden-preview.gif,death dissolves/fades; frame touches canvas border
