tester,experience,difficulty,pilot,encounter,attempt,loadout,cleared,seconds,deaths,bombs_used,warning_understood_1_5,fairness_1_5,enjoyment_1_5,cause_of_death,notes
,,easy,,BOSS4,1,,,,,,,,,,
,,easy,,BOSS4,2,,,,,,,,,,
,,easy,,BOSS4,3,,,,,,,,,,
,,easy,,MINI5,1,,,,,,,,,,
,,easy,,MINI5,2,,,,,,,,,,
,,easy,,MINI5,3,,,,,,,,,,
,,easy,,REBEL6,1,,,,,,,,,,
,,easy,,REBEL6,2,,,,,,,,,,
,,easy,,REBEL6,3,,,,,,,,,,
,,easy,,HARR6,1,,,,,,,,,,
,,easy,,HARR6,2,,,,,,,,,,
,,easy,,HARR6,3,,,,,,,,,,
,,easy,,MINI8,1,,,,,,,,,,
,,easy,,MINI8,2,,,,,,,,,,
,,easy,,MINI8,3,,,,,,,,,,
,,easy,,HAMR8,1,,,,,,,,,,
,,easy,,HAMR8,2,,,,,,,,,,
,,easy,,HAMR8,3,,,,,,,,,,
,,normal,,BOSS4,1,,,,,,,,,,
,,normal,,BOSS4,2,,,,,,,,,,
,,normal,,BOSS4,3,,,,,,,,,,
,,normal,,MINI5,1,,,,,,,,,,
,,normal,,MINI5,2,,,,,,,,,,
,,normal,,MINI5,3,,,,,,,,,,
,,normal,,REBEL6,1,,,,,,,,,,
,,normal,,REBEL6,2,,,,,,,,,,
,,normal,,REBEL6,3,,,,,,,,,,
,,normal,,HARR6,1,,,,,,,,,,
,,normal,,HARR6,2,,,,,,,,,,
,,normal,,HARR6,3,,,,,,,,,,
,,normal,,MINI8,1,,,,,,,,,,
,,normal,,MINI8,2,,,,,,,,,,
,,normal,,MINI8,3,,,,,,,,,,
,,normal,,HAMR8,1,,,,,,,,,,
,,normal,,HAMR8,2,,,,,,,,,,
,,normal,,HAMR8,3,,,,,,,,,,
,,hard,,BOSS4,1,,,,,,,,,,
,,hard,,BOSS4,2,,,,,,,,,,
,,hard,,BOSS4,3,,,,,,,,,,
,,hard,,MINI5,1,,,,,,,,,,
,,hard,,MINI5,2,,,,,,,,,,
,,hard,,MINI5,3,,,,,,,,,,
,,hard,,REBEL6,1,,,,,,,,,,
,,hard,,REBEL6,2,,,,,,,,,,
,,hard,,REBEL6,3,,,,,,,,,,
,,hard,,HARR6,1,,,,,,,,,,
,,hard,,HARR6,2,,,,,,,,,,
,,hard,,HARR6,3,,,,,,,,,,
,,hard,,MINI8,1,,,,,,,,,,
,,hard,,MINI8,2,,,,,,,,,,
,,hard,,MINI8,3,,,,,,,,,,
,,hard,,HAMR8,1,,,,,,,,,,
,,hard,,HAMR8,2,,,,,,,,,,
,,hard,,HAMR8,3,,,,,,,,,,
,,furious,,BOSS4,1,,,,,,,,,,
,,furious,,BOSS4,2,,,,,,,,,,
,,furious,,BOSS4,3,,,,,,,,,,
,,furious,,MINI5,1,,,,,,,,,,
,,furious,,MINI5,2,,,,,,,,,,
,,furious,,MINI5,3,,,,,,,,,,
,,furious,,REBEL6,1,,,,,,,,,,
,,furious,,REBEL6,2,,,,,,,,,,
,,furious,,REBEL6,3,,,,,,,,,,
,,furious,,HARR6,1,,,,,,,,,,
,,furious,,HARR6,2,,,,,,,,,,
,,furious,,HARR6,3,,,,,,,,,,
,,furious,,MINI8,1,,,,,,,,,,
,,furious,,MINI8,2,,,,,,,,,,
,,furious,,MINI8,3,,,,,,,,,,
,,furious,,HAMR8,1,,,,,,,,,,
,,furious,,HAMR8,2,,,,,,,,,,
,,furious,,HAMR8,3,,,,,,,,,,
