encounter,scope,difficulty,attempt,player_id,experience,pilot,weapon_and_level,speed_level,clear_yes_no,deaths,tell_understood_1_to_5,fairness_1_to_5,reward_1_to_5,notes
STAGE1,complete stage,easy,1,,,,,,,,,,,
STAGE1,complete stage,easy,2,,,,,,,,,,,
STAGE1,complete stage,easy,3,,,,,,,,,,,
STAGE1,complete stage,normal,1,,,,,,,,,,,
STAGE1,complete stage,normal,2,,,,,,,,,,,
STAGE1,complete stage,normal,3,,,,,,,,,,,
STAGE1,complete stage,hard,1,,,,,,,,,,,
STAGE1,complete stage,hard,2,,,,,,,,,,,
STAGE1,complete stage,hard,3,,,,,,,,,,,
STAGE1,complete stage,furious,1,,,,,,,,,,,
STAGE1,complete stage,furious,2,,,,,,,,,,,
STAGE1,complete stage,furious,3,,,,,,,,,,,
MINI1,encounter,easy,1,,,,,,,,,,,
MINI1,encounter,easy,2,,,,,,,,,,,
MINI1,encounter,easy,3,,,,,,,,,,,
MINI1,encounter,normal,1,,,,,,,,,,,
MINI1,encounter,normal,2,,,,,,,,,,,
MINI1,encounter,normal,3,,,,,,,,,,,
MINI1,encounter,hard,1,,,,,,,,,,,
MINI1,encounter,hard,2,,,,,,,,,,,
MINI1,encounter,hard,3,,,,,,,,,,,
MINI1,encounter,furious,1,,,,,,,,,,,
MINI1,encounter,furious,2,,,,,,,,,,,
MINI1,encounter,furious,3,,,,,,,,,,,
BOSS1,encounter,easy,1,,,,,,,,,,,
BOSS1,encounter,easy,2,,,,,,,,,,,
BOSS1,encounter,easy,3,,,,,,,,,,,
BOSS1,encounter,normal,1,,,,,,,,,,,
BOSS1,encounter,normal,2,,,,,,,,,,,
BOSS1,encounter,normal,3,,,,,,,,,,,
BOSS1,encounter,hard,1,,,,,,,,,,,
BOSS1,encounter,hard,2,,,,,,,,,,,
BOSS1,encounter,hard,3,,,,,,,,,,,
BOSS1,encounter,furious,1,,,,,,,,,,,
BOSS1,encounter,furious,2,,,,,,,,,,,
BOSS1,encounter,furious,3,,,,,,,,,,,
STAGE2,complete stage,easy,1,,,,,,,,,,,
STAGE2,complete stage,easy,2,,,,,,,,,,,
STAGE2,complete stage,easy,3,,,,,,,,,,,
STAGE2,complete stage,normal,1,,,,,,,,,,,
STAGE2,complete stage,normal,2,,,,,,,,,,,
STAGE2,complete stage,normal,3,,,,,,,,,,,
STAGE2,complete stage,hard,1,,,,,,,,,,,
STAGE2,complete stage,hard,2,,,,,,,,,,,
STAGE2,complete stage,hard,3,,,,,,,,,,,
STAGE2,complete stage,furious,1,,,,,,,,,,,
STAGE2,complete stage,furious,2,,,,,,,,,,,
STAGE2,complete stage,furious,3,,,,,,,,,,,
MINI2,encounter,easy,1,,,,,,,,,,,
MINI2,encounter,easy,2,,,,,,,,,,,
MINI2,encounter,easy,3,,,,,,,,,,,
MINI2,encounter,normal,1,,,,,,,,,,,
MINI2,encounter,normal,2,,,,,,,,,,,
MINI2,encounter,normal,3,,,,,,,,,,,
MINI2,encounter,hard,1,,,,,,,,,,,
MINI2,encounter,hard,2,,,,,,,,,,,
MINI2,encounter,hard,3,,,,,,,,,,,
MINI2,encounter,furious,1,,,,,,,,,,,
MINI2,encounter,furious,2,,,,,,,,,,,
MINI2,encounter,furious,3,,,,,,,,,,,
BOSS2,encounter,easy,1,,,,,,,,,,,
BOSS2,encounter,easy,2,,,,,,,,,,,
BOSS2,encounter,easy,3,,,,,,,,,,,
BOSS2,encounter,normal,1,,,,,,,,,,,
BOSS2,encounter,normal,2,,,,,,,,,,,
BOSS2,encounter,normal,3,,,,,,,,,,,
BOSS2,encounter,hard,1,,,,,,,,,,,
BOSS2,encounter,hard,2,,,,,,,,,,,
BOSS2,encounter,hard,3,,,,,,,,,,,
BOSS2,encounter,furious,1,,,,,,,,,,,
BOSS2,encounter,furious,2,,,,,,,,,,,
BOSS2,encounter,furious,3,,,,,,,,,,,
STAGE3,complete stage,easy,1,,,,,,,,,,,
STAGE3,complete stage,easy,2,,,,,,,,,,,
STAGE3,complete stage,easy,3,,,,,,,,,,,
STAGE3,complete stage,normal,1,,,,,,,,,,,
STAGE3,complete stage,normal,2,,,,,,,,,,,
STAGE3,complete stage,normal,3,,,,,,,,,,,
STAGE3,complete stage,hard,1,,,,,,,,,,,
STAGE3,complete stage,hard,2,,,,,,,,,,,
STAGE3,complete stage,hard,3,,,,,,,,,,,
STAGE3,complete stage,furious,1,,,,,,,,,,,
STAGE3,complete stage,furious,2,,,,,,,,,,,
STAGE3,complete stage,furious,3,,,,,,,,,,,
MINI3,encounter,easy,1,,,,,,,,,,,
MINI3,encounter,easy,2,,,,,,,,,,,
MINI3,encounter,easy,3,,,,,,,,,,,
MINI3,encounter,normal,1,,,,,,,,,,,
MINI3,encounter,normal,2,,,,,,,,,,,
MINI3,encounter,normal,3,,,,,,,,,,,
MINI3,encounter,hard,1,,,,,,,,,,,
MINI3,encounter,hard,2,,,,,,,,,,,
MINI3,encounter,hard,3,,,,,,,,,,,
MINI3,encounter,furious,1,,,,,,,,,,,
MINI3,encounter,furious,2,,,,,,,,,,,
MINI3,encounter,furious,3,,,,,,,,,,,
ALT3,encounter,easy,1,,,,,,,,,,,
ALT3,encounter,easy,2,,,,,,,,,,,
ALT3,encounter,easy,3,,,,,,,,,,,
ALT3,encounter,normal,1,,,,,,,,,,,
ALT3,encounter,normal,2,,,,,,,,,,,
ALT3,encounter,normal,3,,,,,,,,,,,
ALT3,encounter,hard,1,,,,,,,,,,,
ALT3,encounter,hard,2,,,,,,,,,,,
ALT3,encounter,hard,3,,,,,,,,,,,
ALT3,encounter,furious,1,,,,,,,,,,,
ALT3,encounter,furious,2,,,,,,,,,,,
ALT3,encounter,furious,3,,,,,,,,,,,
BOSS3,encounter,easy,1,,,,,,,,,,,
BOSS3,encounter,easy,2,,,,,,,,,,,
BOSS3,encounter,easy,3,,,,,,,,,,,
BOSS3,encounter,normal,1,,,,,,,,,,,
BOSS3,encounter,normal,2,,,,,,,,,,,
BOSS3,encounter,normal,3,,,,,,,,,,,
BOSS3,encounter,hard,1,,,,,,,,,,,
BOSS3,encounter,hard,2,,,,,,,,,,,
BOSS3,encounter,hard,3,,,,,,,,,,,
BOSS3,encounter,furious,1,,,,,,,,,,,
BOSS3,encounter,furious,2,,,,,,,,,,,
BOSS3,encounter,furious,3,,,,,,,,,,,
STAGE4,complete stage,easy,1,,,,,,,,,,,
STAGE4,complete stage,easy,2,,,,,,,,,,,
STAGE4,complete stage,easy,3,,,,,,,,,,,
STAGE4,complete stage,normal,1,,,,,,,,,,,
STAGE4,complete stage,normal,2,,,,,,,,,,,
STAGE4,complete stage,normal,3,,,,,,,,,,,
STAGE4,complete stage,hard,1,,,,,,,,,,,
STAGE4,complete stage,hard,2,,,,,,,,,,,
STAGE4,complete stage,hard,3,,,,,,,,,,,
STAGE4,complete stage,furious,1,,,,,,,,,,,
STAGE4,complete stage,furious,2,,,,,,,,,,,
STAGE4,complete stage,furious,3,,,,,,,,,,,
MINI4,encounter,easy,1,,,,,,,,,,,
MINI4,encounter,easy,2,,,,,,,,,,,
MINI4,encounter,easy,3,,,,,,,,,,,
MINI4,encounter,normal,1,,,,,,,,,,,
MINI4,encounter,normal,2,,,,,,,,,,,
MINI4,encounter,normal,3,,,,,,,,,,,
MINI4,encounter,hard,1,,,,,,,,,,,
MINI4,encounter,hard,2,,,,,,,,,,,
MINI4,encounter,hard,3,,,,,,,,,,,
MINI4,encounter,furious,1,,,,,,,,,,,
MINI4,encounter,furious,2,,,,,,,,,,,
MINI4,encounter,furious,3,,,,,,,,,,,
BOSS4,encounter,easy,1,,,,,,,,,,,
BOSS4,encounter,easy,2,,,,,,,,,,,
BOSS4,encounter,easy,3,,,,,,,,,,,
BOSS4,encounter,normal,1,,,,,,,,,,,
BOSS4,encounter,normal,2,,,,,,,,,,,
BOSS4,encounter,normal,3,,,,,,,,,,,
BOSS4,encounter,hard,1,,,,,,,,,,,
BOSS4,encounter,hard,2,,,,,,,,,,,
BOSS4,encounter,hard,3,,,,,,,,,,,
BOSS4,encounter,furious,1,,,,,,,,,,,
BOSS4,encounter,furious,2,,,,,,,,,,,
BOSS4,encounter,furious,3,,,,,,,,,,,
STAGE5,complete stage,easy,1,,,,,,,,,,,
STAGE5,complete stage,easy,2,,,,,,,,,,,
STAGE5,complete stage,easy,3,,,,,,,,,,,
STAGE5,complete stage,normal,1,,,,,,,,,,,
STAGE5,complete stage,normal,2,,,,,,,,,,,
STAGE5,complete stage,normal,3,,,,,,,,,,,
STAGE5,complete stage,hard,1,,,,,,,,,,,
STAGE5,complete stage,hard,2,,,,,,,,,,,
STAGE5,complete stage,hard,3,,,,,,,,,,,
STAGE5,complete stage,furious,1,,,,,,,,,,,
STAGE5,complete stage,furious,2,,,,,,,,,,,
STAGE5,complete stage,furious,3,,,,,,,,,,,
MINI5,encounter,easy,1,,,,,,,,,,,
MINI5,encounter,easy,2,,,,,,,,,,,
MINI5,encounter,easy,3,,,,,,,,,,,
MINI5,encounter,normal,1,,,,,,,,,,,
MINI5,encounter,normal,2,,,,,,,,,,,
MINI5,encounter,normal,3,,,,,,,,,,,
MINI5,encounter,hard,1,,,,,,,,,,,
MINI5,encounter,hard,2,,,,,,,,,,,
MINI5,encounter,hard,3,,,,,,,,,,,
MINI5,encounter,furious,1,,,,,,,,,,,
MINI5,encounter,furious,2,,,,,,,,,,,
MINI5,encounter,furious,3,,,,,,,,,,,
BOSS5,encounter,easy,1,,,,,,,,,,,
BOSS5,encounter,easy,2,,,,,,,,,,,
BOSS5,encounter,easy,3,,,,,,,,,,,
BOSS5,encounter,normal,1,,,,,,,,,,,
BOSS5,encounter,normal,2,,,,,,,,,,,
BOSS5,encounter,normal,3,,,,,,,,,,,
BOSS5,encounter,hard,1,,,,,,,,,,,
BOSS5,encounter,hard,2,,,,,,,,,,,
BOSS5,encounter,hard,3,,,,,,,,,,,
BOSS5,encounter,furious,1,,,,,,,,,,,
BOSS5,encounter,furious,2,,,,,,,,,,,
BOSS5,encounter,furious,3,,,,,,,,,,,
STAGE6,complete stage,easy,1,,,,,,,,,,,
STAGE6,complete stage,easy,2,,,,,,,,,,,
STAGE6,complete stage,easy,3,,,,,,,,,,,
STAGE6,complete stage,normal,1,,,,,,,,,,,
STAGE6,complete stage,normal,2,,,,,,,,,,,
STAGE6,complete stage,normal,3,,,,,,,,,,,
STAGE6,complete stage,hard,1,,,,,,,,,,,
STAGE6,complete stage,hard,2,,,,,,,,,,,
STAGE6,complete stage,hard,3,,,,,,,,,,,
STAGE6,complete stage,furious,1,,,,,,,,,,,
STAGE6,complete stage,furious,2,,,,,,,,,,,
STAGE6,complete stage,furious,3,,,,,,,,,,,
MINI6,encounter,easy,1,,,,,,,,,,,
MINI6,encounter,easy,2,,,,,,,,,,,
MINI6,encounter,easy,3,,,,,,,,,,,
MINI6,encounter,normal,1,,,,,,,,,,,
MINI6,encounter,normal,2,,,,,,,,,,,
MINI6,encounter,normal,3,,,,,,,,,,,
MINI6,encounter,hard,1,,,,,,,,,,,
MINI6,encounter,hard,2,,,,,,,,,,,
MINI6,encounter,hard,3,,,,,,,,,,,
MINI6,encounter,furious,1,,,,,,,,,,,
MINI6,encounter,furious,2,,,,,,,,,,,
MINI6,encounter,furious,3,,,,,,,,,,,
ALT6,encounter,easy,1,,,,,,,,,,,
ALT6,encounter,easy,2,,,,,,,,,,,
ALT6,encounter,easy,3,,,,,,,,,,,
ALT6,encounter,normal,1,,,,,,,,,,,
ALT6,encounter,normal,2,,,,,,,,,,,
ALT6,encounter,normal,3,,,,,,,,,,,
ALT6,encounter,hard,1,,,,,,,,,,,
ALT6,encounter,hard,2,,,,,,,,,,,
ALT6,encounter,hard,3,,,,,,,,,,,
ALT6,encounter,furious,1,,,,,,,,,,,
ALT6,encounter,furious,2,,,,,,,,,,,
ALT6,encounter,furious,3,,,,,,,,,,,
BOSS6,encounter,easy,1,,,,,,,,,,,
BOSS6,encounter,easy,2,,,,,,,,,,,
BOSS6,encounter,easy,3,,,,,,,,,,,
BOSS6,encounter,normal,1,,,,,,,,,,,
BOSS6,encounter,normal,2,,,,,,,,,,,
BOSS6,encounter,normal,3,,,,,,,,,,,
BOSS6,encounter,hard,1,,,,,,,,,,,
BOSS6,encounter,hard,2,,,,,,,,,,,
BOSS6,encounter,hard,3,,,,,,,,,,,
BOSS6,encounter,furious,1,,,,,,,,,,,
BOSS6,encounter,furious,2,,,,,,,,,,,
BOSS6,encounter,furious,3,,,,,,,,,,,
ace,encounter,easy,1,,,,,,,,,,,
ace,encounter,easy,2,,,,,,,,,,,
ace,encounter,easy,3,,,,,,,,,,,
ace,encounter,normal,1,,,,,,,,,,,
ace,encounter,normal,2,,,,,,,,,,,
ace,encounter,normal,3,,,,,,,,,,,
ace,encounter,hard,1,,,,,,,,,,,
ace,encounter,hard,2,,,,,,,,,,,
ace,encounter,hard,3,,,,,,,,,,,
ace,encounter,furious,1,,,,,,,,,,,
ace,encounter,furious,2,,,,,,,,,,,
ace,encounter,furious,3,,,,,,,,,,,
harrier,carrier phase,easy,1,,,,,,,,,,,
harrier,carrier phase,easy,2,,,,,,,,,,,
harrier,carrier phase,easy,3,,,,,,,,,,,
harrier,carrier phase,normal,1,,,,,,,,,,,
harrier,carrier phase,normal,2,,,,,,,,,,,
harrier,carrier phase,normal,3,,,,,,,,,,,
harrier,carrier phase,hard,1,,,,,,,,,,,
harrier,carrier phase,hard,2,,,,,,,,,,,
harrier,carrier phase,hard,3,,,,,,,,,,,
harrier,carrier phase,furious,1,,,,,,,,,,,
harrier,carrier phase,furious,2,,,,,,,,,,,
harrier,carrier phase,furious,3,,,,,,,,,,,
STAGE7,complete stage,easy,1,,,,,,,,,,,
STAGE7,complete stage,easy,2,,,,,,,,,,,
STAGE7,complete stage,easy,3,,,,,,,,,,,
STAGE7,complete stage,normal,1,,,,,,,,,,,
STAGE7,complete stage,normal,2,,,,,,,,,,,
STAGE7,complete stage,normal,3,,,,,,,,,,,
STAGE7,complete stage,hard,1,,,,,,,,,,,
STAGE7,complete stage,hard,2,,,,,,,,,,,
STAGE7,complete stage,hard,3,,,,,,,,,,,
STAGE7,complete stage,furious,1,,,,,,,,,,,
STAGE7,complete stage,furious,2,,,,,,,,,,,
STAGE7,complete stage,furious,3,,,,,,,,,,,
MINI7,encounter,easy,1,,,,,,,,,,,
MINI7,encounter,easy,2,,,,,,,,,,,
MINI7,encounter,easy,3,,,,,,,,,,,
MINI7,encounter,normal,1,,,,,,,,,,,
MINI7,encounter,normal,2,,,,,,,,,,,
MINI7,encounter,normal,3,,,,,,,,,,,
MINI7,encounter,hard,1,,,,,,,,,,,
MINI7,encounter,hard,2,,,,,,,,,,,
MINI7,encounter,hard,3,,,,,,,,,,,
MINI7,encounter,furious,1,,,,,,,,,,,
MINI7,encounter,furious,2,,,,,,,,,,,
MINI7,encounter,furious,3,,,,,,,,,,,
BOSS7,encounter,easy,1,,,,,,,,,,,
BOSS7,encounter,easy,2,,,,,,,,,,,
BOSS7,encounter,easy,3,,,,,,,,,,,
BOSS7,encounter,normal,1,,,,,,,,,,,
BOSS7,encounter,normal,2,,,,,,,,,,,
BOSS7,encounter,normal,3,,,,,,,,,,,
BOSS7,encounter,hard,1,,,,,,,,,,,
BOSS7,encounter,hard,2,,,,,,,,,,,
BOSS7,encounter,hard,3,,,,,,,,,,,
BOSS7,encounter,furious,1,,,,,,,,,,,
BOSS7,encounter,furious,2,,,,,,,,,,,
BOSS7,encounter,furious,3,,,,,,,,,,,
STAGE8,complete stage,easy,1,,,,,,,,,,,
STAGE8,complete stage,easy,2,,,,,,,,,,,
STAGE8,complete stage,easy,3,,,,,,,,,,,
STAGE8,complete stage,normal,1,,,,,,,,,,,
STAGE8,complete stage,normal,2,,,,,,,,,,,
STAGE8,complete stage,normal,3,,,,,,,,,,,
STAGE8,complete stage,hard,1,,,,,,,,,,,
STAGE8,complete stage,hard,2,,,,,,,,,,,
STAGE8,complete stage,hard,3,,,,,,,,,,,
STAGE8,complete stage,furious,1,,,,,,,,,,,
STAGE8,complete stage,furious,2,,,,,,,,,,,
STAGE8,complete stage,furious,3,,,,,,,,,,,
MINI8,encounter,easy,1,,,,,,,,,,,
MINI8,encounter,easy,2,,,,,,,,,,,
MINI8,encounter,easy,3,,,,,,,,,,,
MINI8,encounter,normal,1,,,,,,,,,,,
MINI8,encounter,normal,2,,,,,,,,,,,
MINI8,encounter,normal,3,,,,,,,,,,,
MINI8,encounter,hard,1,,,,,,,,,,,
MINI8,encounter,hard,2,,,,,,,,,,,
MINI8,encounter,hard,3,,,,,,,,,,,
MINI8,encounter,furious,1,,,,,,,,,,,
MINI8,encounter,furious,2,,,,,,,,,,,
MINI8,encounter,furious,3,,,,,,,,,,,
FINAL1,form/phase visit,easy,1,,,,,,,,,,,
FINAL1,form/phase visit,easy,2,,,,,,,,,,,
FINAL1,form/phase visit,easy,3,,,,,,,,,,,
FINAL1,form/phase visit,normal,1,,,,,,,,,,,
FINAL1,form/phase visit,normal,2,,,,,,,,,,,
FINAL1,form/phase visit,normal,3,,,,,,,,,,,
FINAL1,form/phase visit,hard,1,,,,,,,,,,,
FINAL1,form/phase visit,hard,2,,,,,,,,,,,
FINAL1,form/phase visit,hard,3,,,,,,,,,,,
FINAL1,form/phase visit,furious,1,,,,,,,,,,,
FINAL1,form/phase visit,furious,2,,,,,,,,,,,
FINAL1,form/phase visit,furious,3,,,,,,,,,,,
FINAL2,form/phase visit,easy,1,,,,,,,,,,,
FINAL2,form/phase visit,easy,2,,,,,,,,,,,
FINAL2,form/phase visit,easy,3,,,,,,,,,,,
FINAL2,form/phase visit,normal,1,,,,,,,,,,,
FINAL2,form/phase visit,normal,2,,,,,,,,,,,
FINAL2,form/phase visit,normal,3,,,,,,,,,,,
FINAL2,form/phase visit,hard,1,,,,,,,,,,,
FINAL2,form/phase visit,hard,2,,,,,,,,,,,
FINAL2,form/phase visit,hard,3,,,,,,,,,,,
FINAL2,form/phase visit,furious,1,,,,,,,,,,,
FINAL2,form/phase visit,furious,2,,,,,,,,,,,
FINAL2,form/phase visit,furious,3,,,,,,,,,,,
FINAL3,form/phase visit,easy,1,,,,,,,,,,,
FINAL3,form/phase visit,easy,2,,,,,,,,,,,
FINAL3,form/phase visit,easy,3,,,,,,,,,,,
FINAL3,form/phase visit,normal,1,,,,,,,,,,,
FINAL3,form/phase visit,normal,2,,,,,,,,,,,
FINAL3,form/phase visit,normal,3,,,,,,,,,,,
FINAL3,form/phase visit,hard,1,,,,,,,,,,,
FINAL3,form/phase visit,hard,2,,,,,,,,,,,
FINAL3,form/phase visit,hard,3,,,,,,,,,,,
FINAL3,form/phase visit,furious,1,,,,,,,,,,,
FINAL3,form/phase visit,furious,2,,,,,,,,,,,
FINAL3,form/phase visit,furious,3,,,,,,,,,,,
HOST8,form/phase visit,easy,1,,,,,,,,,,,
HOST8,form/phase visit,easy,2,,,,,,,,,,,
HOST8,form/phase visit,easy,3,,,,,,,,,,,
HOST8,form/phase visit,normal,1,,,,,,,,,,,
HOST8,form/phase visit,normal,2,,,,,,,,,,,
HOST8,form/phase visit,normal,3,,,,,,,,,,,
HOST8,form/phase visit,hard,1,,,,,,,,,,,
HOST8,form/phase visit,hard,2,,,,,,,,,,,
HOST8,form/phase visit,hard,3,,,,,,,,,,,
HOST8,form/phase visit,furious,1,,,,,,,,,,,
HOST8,form/phase visit,furious,2,,,,,,,,,,,
HOST8,form/phase visit,furious,3,,,,,,,,,,,
HELI8,form/phase visit,easy,1,,,,,,,,,,,
HELI8,form/phase visit,easy,2,,,,,,,,,,,
HELI8,form/phase visit,easy,3,,,,,,,,,,,
HELI8,form/phase visit,normal,1,,,,,,,,,,,
HELI8,form/phase visit,normal,2,,,,,,,,,,,
HELI8,form/phase visit,normal,3,,,,,,,,,,,
HELI8,form/phase visit,hard,1,,,,,,,,,,,
HELI8,form/phase visit,hard,2,,,,,,,,,,,
HELI8,form/phase visit,hard,3,,,,,,,,,,,
HELI8,form/phase visit,furious,1,,,,,,,,,,,
HELI8,form/phase visit,furious,2,,,,,,,,,,,
HELI8,form/phase visit,furious,3,,,,,,,,,,,
FURN8,form/phase visit,easy,1,,,,,,,,,,,
FURN8,form/phase visit,easy,2,,,,,,,,,,,
FURN8,form/phase visit,easy,3,,,,,,,,,,,
FURN8,form/phase visit,normal,1,,,,,,,,,,,
FURN8,form/phase visit,normal,2,,,,,,,,,,,
FURN8,form/phase visit,normal,3,,,,,,,,,,,
FURN8,form/phase visit,hard,1,,,,,,,,,,,
FURN8,form/phase visit,hard,2,,,,,,,,,,,
FURN8,form/phase visit,hard,3,,,,,,,,,,,
FURN8,form/phase visit,furious,1,,,,,,,,,,,
FURN8,form/phase visit,furious,2,,,,,,,,,,,
FURN8,form/phase visit,furious,3,,,,,,,,,,,
CRYO8,form/phase visit,easy,1,,,,,,,,,,,
CRYO8,form/phase visit,easy,2,,,,,,,,,,,
CRYO8,form/phase visit,easy,3,,,,,,,,,,,
CRYO8,form/phase visit,normal,1,,,,,,,,,,,
CRYO8,form/phase visit,normal,2,,,,,,,,,,,
CRYO8,form/phase visit,normal,3,,,,,,,,,,,
CRYO8,form/phase visit,hard,1,,,,,,,,,,,
CRYO8,form/phase visit,hard,2,,,,,,,,,,,
CRYO8,form/phase visit,hard,3,,,,,,,,,,,
CRYO8,form/phase visit,furious,1,,,,,,,,,,,
CRYO8,form/phase visit,furious,2,,,,,,,,,,,
CRYO8,form/phase visit,furious,3,,,,,,,,,,,
STORM8,form/phase visit,easy,1,,,,,,,,,,,
STORM8,form/phase visit,easy,2,,,,,,,,,,,
STORM8,form/phase visit,easy,3,,,,,,,,,,,
STORM8,form/phase visit,normal,1,,,,,,,,,,,
STORM8,form/phase visit,normal,2,,,,,,,,,,,
STORM8,form/phase visit,normal,3,,,,,,,,,,,
STORM8,form/phase visit,hard,1,,,,,,,,,,,
STORM8,form/phase visit,hard,2,,,,,,,,,,,
STORM8,form/phase visit,hard,3,,,,,,,,,,,
STORM8,form/phase visit,furious,1,,,,,,,,,,,
STORM8,form/phase visit,furious,2,,,,,,,,,,,
STORM8,form/phase visit,furious,3,,,,,,,,,,,
KNIGHT,form/phase visit,easy,1,,,,,,,,,,,
KNIGHT,form/phase visit,easy,2,,,,,,,,,,,
KNIGHT,form/phase visit,easy,3,,,,,,,,,,,
KNIGHT,form/phase visit,normal,1,,,,,,,,,,,
KNIGHT,form/phase visit,normal,2,,,,,,,,,,,
KNIGHT,form/phase visit,normal,3,,,,,,,,,,,
KNIGHT,form/phase visit,hard,1,,,,,,,,,,,
KNIGHT,form/phase visit,hard,2,,,,,,,,,,,
KNIGHT,form/phase visit,hard,3,,,,,,,,,,,
KNIGHT,form/phase visit,furious,1,,,,,,,,,,,
KNIGHT,form/phase visit,furious,2,,,,,,,,,,,
KNIGHT,form/phase visit,furious,3,,,,,,,,,,,
ACE8,form/phase visit,easy,1,,,,,,,,,,,
ACE8,form/phase visit,easy,2,,,,,,,,,,,
ACE8,form/phase visit,easy,3,,,,,,,,,,,
ACE8,form/phase visit,normal,1,,,,,,,,,,,
ACE8,form/phase visit,normal,2,,,,,,,,,,,
ACE8,form/phase visit,normal,3,,,,,,,,,,,
ACE8,form/phase visit,hard,1,,,,,,,,,,,
ACE8,form/phase visit,hard,2,,,,,,,,,,,
ACE8,form/phase visit,hard,3,,,,,,,,,,,
ACE8,form/phase visit,furious,1,,,,,,,,,,,
ACE8,form/phase visit,furious,2,,,,,,,,,,,
ACE8,form/phase visit,furious,3,,,,,,,,,,,
WARD8,form/phase visit,easy,1,,,,,,,,,,,
WARD8,form/phase visit,easy,2,,,,,,,,,,,
WARD8,form/phase visit,easy,3,,,,,,,,,,,
WARD8,form/phase visit,normal,1,,,,,,,,,,,
WARD8,form/phase visit,normal,2,,,,,,,,,,,
WARD8,form/phase visit,normal,3,,,,,,,,,,,
WARD8,form/phase visit,hard,1,,,,,,,,,,,
WARD8,form/phase visit,hard,2,,,,,,,,,,,
WARD8,form/phase visit,hard,3,,,,,,,,,,,
WARD8,form/phase visit,furious,1,,,,,,,,,,,
WARD8,form/phase visit,furious,2,,,,,,,,,,,
WARD8,form/phase visit,furious,3,,,,,,,,,,,
HAMR8,form/phase visit,easy,1,,,,,,,,,,,
HAMR8,form/phase visit,easy,2,,,,,,,,,,,
HAMR8,form/phase visit,easy,3,,,,,,,,,,,
HAMR8,form/phase visit,normal,1,,,,,,,,,,,
HAMR8,form/phase visit,normal,2,,,,,,,,,,,
HAMR8,form/phase visit,normal,3,,,,,,,,,,,
HAMR8,form/phase visit,hard,1,,,,,,,,,,,
HAMR8,form/phase visit,hard,2,,,,,,,,,,,
HAMR8,form/phase visit,hard,3,,,,,,,,,,,
HAMR8,form/phase visit,furious,1,,,,,,,,,,,
HAMR8,form/phase visit,furious,2,,,,,,,,,,,
HAMR8,form/phase visit,furious,3,,,,,,,,,,,
FULLFINAL,complete finale,easy,1,,,,,,,,,,,
FULLFINAL,complete finale,easy,2,,,,,,,,,,,
FULLFINAL,complete finale,easy,3,,,,,,,,,,,
FULLFINAL,complete finale,normal,1,,,,,,,,,,,
FULLFINAL,complete finale,normal,2,,,,,,,,,,,
FULLFINAL,complete finale,normal,3,,,,,,,,,,,
FULLFINAL,complete finale,hard,1,,,,,,,,,,,
FULLFINAL,complete finale,hard,2,,,,,,,,,,,
FULLFINAL,complete finale,hard,3,,,,,,,,,,,
FULLFINAL,complete finale,furious,1,,,,,,,,,,,
FULLFINAL,complete finale,furious,2,,,,,,,,,,,
FULLFINAL,complete finale,furious,3,,,,,,,,,,,
STAGE9,complete stage,easy,1,,,,,,,,,,,
STAGE9,complete stage,easy,2,,,,,,,,,,,
STAGE9,complete stage,easy,3,,,,,,,,,,,
STAGE9,complete stage,normal,1,,,,,,,,,,,
STAGE9,complete stage,normal,2,,,,,,,,,,,
STAGE9,complete stage,normal,3,,,,,,,,,,,
STAGE9,complete stage,hard,1,,,,,,,,,,,
STAGE9,complete stage,hard,2,,,,,,,,,,,
STAGE9,complete stage,hard,3,,,,,,,,,,,
STAGE9,complete stage,furious,1,,,,,,,,,,,
STAGE9,complete stage,furious,2,,,,,,,,,,,
STAGE9,complete stage,furious,3,,,,,,,,,,,
MINI9,encounter,easy,1,,,,,,,,,,,
MINI9,encounter,easy,2,,,,,,,,,,,
MINI9,encounter,easy,3,,,,,,,,,,,
MINI9,encounter,normal,1,,,,,,,,,,,
MINI9,encounter,normal,2,,,,,,,,,,,
MINI9,encounter,normal,3,,,,,,,,,,,
MINI9,encounter,hard,1,,,,,,,,,,,
MINI9,encounter,hard,2,,,,,,,,,,,
MINI9,encounter,hard,3,,,,,,,,,,,
MINI9,encounter,furious,1,,,,,,,,,,,
MINI9,encounter,furious,2,,,,,,,,,,,
MINI9,encounter,furious,3,,,,,,,,,,,
BOSS9,encounter,easy,1,,,,,,,,,,,
BOSS9,encounter,easy,2,,,,,,,,,,,
BOSS9,encounter,easy,3,,,,,,,,,,,
BOSS9,encounter,normal,1,,,,,,,,,,,
BOSS9,encounter,normal,2,,,,,,,,,,,
BOSS9,encounter,normal,3,,,,,,,,,,,
BOSS9,encounter,hard,1,,,,,,,,,,,
BOSS9,encounter,hard,2,,,,,,,,,,,
BOSS9,encounter,hard,3,,,,,,,,,,,
BOSS9,encounter,furious,1,,,,,,,,,,,
BOSS9,encounter,furious,2,,,,,,,,,,,
BOSS9,encounter,furious,3,,,,,,,,,,,
