group,difficulty,stage,pilot,weapon,level,case,frames,invalid_draws,shots
encounter,easy,1,yuri,,3,000-easy-s1-damkeeper,1440,0,187
encounter,easy,1,yuri,,3,001-easy-s1-razorback-mini,1440,0,94
encounter,easy,2,yuri,,3,002-easy-s2-infernoreaver,1440,0,16
encounter,easy,2,yuri,,3,003-easy-s2-magmaward-mini,1440,0,41
encounter,easy,3,yuri,,3,004-easy-s3-cryospear,1440,80,70
encounter,easy,3,yuri,,3,005-easy-s3-frostcruiser-mini,1440,80,16
encounter,easy,4,yuri,,3,006-easy-s4-stormsovereign,1440,0,49
encounter,easy,4,yuri,,3,007-easy-s4-olivewarden-mini,1440,0,36
encounter,easy,5,yuri,,3,008-easy-s5-xenoregent,1440,0,8
encounter,easy,5,yuri,,3,009-easy-s5-spacebomber-mini,1440,0,0
encounter,easy,6,yuri,,3,010-easy-s6-warhive,1440,0,57
encounter,easy,6,yuri,,3,011-easy-s6-siegebomber-mini,1440,0,6
encounter,easy,7,yuri,,3,012-easy-s7-sludgeemperor,1440,0,31
encounter,easy,7,yuri,,3,013-easy-s7-dualscoopdredger-mini,1440,0,47
encounter,easy,8,yuri,,3,014-easy-s8-vileexistence,1440,0,38
encounter,easy,8,yuri,,3,015-easy-s8-heralddeath-mini,1440,0,15
encounter,easy,9,yuri,,3,016-easy-s9-tidalfusion,1440,0,70
encounter,easy,9,yuri,,3,017-easy-s9-voidhorizon-mini,1440,0,84
encounter,easy,6,yuri,,3,018-easy-s6-rebelsquad,1440,0,93
encounter,easy,6,yuri,,3,019-easy-s6-warhive-ace,1440,80,48
encounter,easy,8,yuri,,3,020-easy-s8-vileexistence-formhost,1440,0,69
encounter,easy,8,yuri,,3,021-easy-s8-vileexistence-formghost,1440,0,50
encounter,easy,8,yuri,,3,022-easy-s8-vileexistence-formhome,1440,0,77
encounter,easy,8,yuri,,3,023-easy-s8-vileexistence-form0,1440,0,6
encounter,easy,8,yuri,,3,024-easy-s8-vileexistence-form1,1440,0,185
encounter,easy,8,yuri,,3,025-easy-s8-vileexistence-form2,1440,0,8
encounter,easy,8,yuri,,3,026-easy-s8-vileexistence-form3,1440,0,41
encounter,easy,8,yuri,,3,027-easy-s8-vileexistence-form4,1440,0,38
encounter,easy,8,yuri,,3,028-easy-s8-vileexistence-form5,1440,0,15
encounter,easy,8,yuri,,3,029-easy-s8-vileexistence-form6,1440,0,22
encounter,easy,8,yuri,,3,030-easy-s8-vileexistence-form7,1440,0,58
encounter,easy,8,yuri,,3,031-easy-s8-vileexistence-form8,1440,0,8
stage,easy,1,yuri,,3,032-easy-s1-damkeeper-stage,2160,0,16
stage,easy,2,yuri,,3,033-easy-s2-infernoreaver-stage,2160,0,97
stage,easy,3,yuri,,3,034-easy-s3-cryospear-stage,2160,0,67
stage,easy,4,yuri,,3,035-easy-s4-stormsovereign-stage,2160,0,52
stage,easy,5,yuri,,3,036-easy-s5-xenoregent-stage,2160,0,91
stage,easy,6,yuri,,3,037-easy-s6-warhive-stage,2160,80,153
stage,easy,7,yuri,,3,038-easy-s7-sludgeemperor-stage,2160,0,62
stage,easy,8,yuri,,3,039-easy-s8-vileexistence-stage,2160,0,97
stage,easy,9,yuri,,3,040-easy-s9-tidalfusion-stage,2160,0,75
encounter,normal,1,yuri,,3,041-normal-s1-damkeeper,1440,0,187
encounter,normal,1,yuri,,3,042-normal-s1-razorback-mini,1440,0,94
encounter,normal,2,yuri,,3,043-normal-s2-infernoreaver,1440,0,12
encounter,normal,2,yuri,,3,044-normal-s2-magmaward-mini,1440,0,54
encounter,normal,3,yuri,,3,045-normal-s3-cryospear,1440,0,89
encounter,normal,3,yuri,,3,046-normal-s3-frostcruiser-mini,1440,0,30
encounter,normal,4,yuri,,3,047-normal-s4-stormsovereign,1440,0,52
encounter,normal,4,yuri,,3,048-normal-s4-olivewarden-mini,1440,0,62
encounter,normal,5,yuri,,3,049-normal-s5-xenoregent,1440,0,8
encounter,normal,5,yuri,,3,050-normal-s5-spacebomber-mini,1440,0,0
encounter,normal,6,yuri,,3,051-normal-s6-warhive,1440,0,103
encounter,normal,6,yuri,,3,052-normal-s6-siegebomber-mini,1440,0,8
encounter,normal,7,yuri,,3,053-normal-s7-sludgeemperor,1440,0,32
encounter,normal,7,yuri,,3,054-normal-s7-dualscoopdredger-mini,1440,0,47
encounter,normal,8,yuri,,3,055-normal-s8-vileexistence,1440,0,38
encounter,normal,8,yuri,,3,056-normal-s8-heralddeath-mini,1440,0,9
encounter,normal,9,yuri,,3,057-normal-s9-tidalfusion,1440,0,70
encounter,normal,9,yuri,,3,058-normal-s9-voidhorizon-mini,1440,0,84
encounter,normal,6,yuri,,3,059-normal-s6-rebelsquad,1440,0,98
encounter,normal,6,yuri,,3,060-normal-s6-warhive-ace,1440,80,72
encounter,normal,8,yuri,,3,061-normal-s8-vileexistence-formhost,1440,0,81
encounter,normal,8,yuri,,3,062-normal-s8-vileexistence-formghost,1440,0,92
encounter,normal,8,yuri,,3,063-normal-s8-vileexistence-formhome,1440,0,77
encounter,normal,8,yuri,,3,064-normal-s8-vileexistence-form0,1440,0,9
encounter,normal,8,yuri,,3,065-normal-s8-vileexistence-form1,1440,0,185
encounter,normal,8,yuri,,3,066-normal-s8-vileexistence-form2,1440,0,8
encounter,normal,8,yuri,,3,067-normal-s8-vileexistence-form3,1440,0,66
encounter,normal,8,yuri,,3,068-normal-s8-vileexistence-form4,1440,0,40
encounter,normal,8,yuri,,3,069-normal-s8-vileexistence-form5,1440,0,30
encounter,normal,8,yuri,,3,070-normal-s8-vileexistence-form6,1440,0,40
encounter,normal,8,yuri,,3,071-normal-s8-vileexistence-form7,1440,0,58
encounter,normal,8,yuri,,3,072-normal-s8-vileexistence-form8,1440,0,8
stage,normal,1,yuri,,3,073-normal-s1-damkeeper-stage,2160,0,37
stage,normal,2,yuri,,3,074-normal-s2-infernoreaver-stage,2160,0,150
stage,normal,3,yuri,,3,075-normal-s3-cryospear-stage,2160,0,84
stage,normal,4,yuri,,3,076-normal-s4-stormsovereign-stage,2160,0,92
stage,normal,5,yuri,,3,077-normal-s5-xenoregent-stage,2160,0,95
stage,normal,6,yuri,,3,078-normal-s6-warhive-stage,2160,80,307
stage,normal,7,yuri,,3,079-normal-s7-sludgeemperor-stage,2160,0,100
stage,normal,8,yuri,,3,080-normal-s8-vileexistence-stage,2160,0,150
stage,normal,9,yuri,,3,081-normal-s9-tidalfusion-stage,2160,0,158
encounter,hard,1,yuri,,3,082-hard-s1-damkeeper,1440,0,173
encounter,hard,1,yuri,,3,083-hard-s1-razorback-mini,1440,0,85
encounter,hard,2,yuri,,3,084-hard-s2-infernoreaver,1440,0,14
encounter,hard,2,yuri,,3,085-hard-s2-magmaward-mini,1440,0,82
encounter,hard,3,yuri,,3,086-hard-s3-cryospear,1440,0,112
encounter,hard,3,yuri,,3,087-hard-s3-frostcruiser-mini,1440,0,55
encounter,hard,4,yuri,,3,088-hard-s4-stormsovereign,1440,0,53
encounter,hard,4,yuri,,3,089-hard-s4-olivewarden-mini,1440,0,112
encounter,hard,5,yuri,,3,090-hard-s5-xenoregent,1440,0,8
encounter,hard,5,yuri,,3,091-hard-s5-spacebomber-mini,1440,0,0
encounter,hard,6,yuri,,3,092-hard-s6-warhive,1440,0,147
encounter,hard,6,yuri,,3,093-hard-s6-siegebomber-mini,1440,0,10
encounter,hard,7,yuri,,3,094-hard-s7-sludgeemperor,1440,0,44
encounter,hard,7,yuri,,3,095-hard-s7-dualscoopdredger-mini,1440,0,73
encounter,hard,8,yuri,,3,096-hard-s8-vileexistence,1440,0,38
encounter,hard,8,yuri,,3,097-hard-s8-heralddeath-mini,1440,0,14
encounter,hard,9,yuri,,3,098-hard-s9-tidalfusion,1440,0,86
encounter,hard,9,yuri,,3,099-hard-s9-voidhorizon-mini,1440,0,112
encounter,hard,6,yuri,,3,100-hard-s6-rebelsquad,1440,0,98
encounter,hard,6,yuri,,3,101-hard-s6-warhive-ace,1440,0,58
encounter,hard,8,yuri,,3,102-hard-s8-vileexistence-formhost,1440,0,48
encounter,hard,8,yuri,,3,103-hard-s8-vileexistence-formghost,1440,0,50
encounter,hard,8,yuri,,3,104-hard-s8-vileexistence-formhome,1440,0,77
encounter,hard,8,yuri,,3,105-hard-s8-vileexistence-form0,1440,0,6
encounter,hard,8,yuri,,3,106-hard-s8-vileexistence-form1,1440,0,172
encounter,hard,8,yuri,,3,107-hard-s8-vileexistence-form2,1440,0,8
encounter,hard,8,yuri,,3,108-hard-s8-vileexistence-form3,1440,0,75
encounter,hard,8,yuri,,3,109-hard-s8-vileexistence-form4,1440,0,42
encounter,hard,8,yuri,,3,110-hard-s8-vileexistence-form5,1440,0,15
encounter,hard,8,yuri,,3,111-hard-s8-vileexistence-form6,1440,0,42
encounter,hard,8,yuri,,3,112-hard-s8-vileexistence-form7,1440,0,64
encounter,hard,8,yuri,,3,113-hard-s8-vileexistence-form8,1440,0,24
stage,hard,1,yuri,,3,114-hard-s1-damkeeper-stage,2160,0,42
stage,hard,2,yuri,,3,115-hard-s2-infernoreaver-stage,2160,0,151
stage,hard,3,yuri,,3,116-hard-s3-cryospear-stage,2160,0,117
stage,hard,4,yuri,,3,117-hard-s4-stormsovereign-stage,2160,0,127
stage,hard,5,yuri,,3,118-hard-s5-xenoregent-stage,2160,0,174
stage,hard,6,yuri,,3,119-hard-s6-warhive-stage,2160,0,553
stage,hard,7,yuri,,3,120-hard-s7-sludgeemperor-stage,2160,0,111
stage,hard,8,yuri,,3,121-hard-s8-vileexistence-stage,2160,0,153
stage,hard,9,yuri,,3,122-hard-s9-tidalfusion-stage,2160,0,186
encounter,furious,1,yuri,,3,123-furious-s1-damkeeper,1440,0,357
encounter,furious,1,yuri,,3,124-furious-s1-razorback-mini,1440,0,177
encounter,furious,2,yuri,,3,125-furious-s2-infernoreaver,1440,0,15
encounter,furious,2,yuri,,3,126-furious-s2-magmaward-mini,1440,0,253
encounter,furious,3,yuri,,3,127-furious-s3-cryospear,1440,0,53
encounter,furious,3,yuri,,3,128-furious-s3-frostcruiser-mini,1440,0,55
encounter,furious,4,yuri,,3,129-furious-s4-stormsovereign,1440,0,60
encounter,furious,4,yuri,,3,130-furious-s4-olivewarden-mini,1440,0,151
encounter,furious,5,yuri,,3,131-furious-s5-xenoregent,1440,0,8
encounter,furious,5,yuri,,3,132-furious-s5-spacebomber-mini,1440,0,0
encounter,furious,6,yuri,,3,133-furious-s6-warhive,1440,0,182
encounter,furious,6,yuri,,3,134-furious-s6-siegebomber-mini,1440,0,12
encounter,furious,7,yuri,,3,135-furious-s7-sludgeemperor,1440,0,44
encounter,furious,7,yuri,,3,136-furious-s7-dualscoopdredger-mini,1440,0,129
encounter,furious,8,yuri,,3,137-furious-s8-vileexistence,1440,0,32
encounter,furious,8,yuri,,3,138-furious-s8-heralddeath-mini,1440,0,19
encounter,furious,9,yuri,,3,139-furious-s9-tidalfusion,1440,0,104
encounter,furious,9,yuri,,3,140-furious-s9-voidhorizon-mini,1440,0,146
encounter,furious,6,yuri,,3,141-furious-s6-rebelsquad,1440,0,98
encounter,furious,6,yuri,,3,142-furious-s6-warhive-ace,1440,0,66
encounter,furious,8,yuri,,3,143-furious-s8-vileexistence-formhost,1440,0,44
encounter,furious,8,yuri,,3,144-furious-s8-vileexistence-formghost,1440,0,74
encounter,furious,8,yuri,,3,145-furious-s8-vileexistence-formhome,1440,0,100
encounter,furious,8,yuri,,3,146-furious-s8-vileexistence-form0,1440,0,6
encounter,furious,8,yuri,,3,147-furious-s8-vileexistence-form1,1440,0,351
encounter,furious,8,yuri,,3,148-furious-s8-vileexistence-form2,1440,0,9
encounter,furious,8,yuri,,3,149-furious-s8-vileexistence-form3,1440,0,90
encounter,furious,8,yuri,,3,150-furious-s8-vileexistence-form4,1440,0,48
encounter,furious,8,yuri,,3,151-furious-s8-vileexistence-form5,1440,0,10
encounter,furious,8,yuri,,3,152-furious-s8-vileexistence-form6,1440,0,42
encounter,furious,8,yuri,,3,153-furious-s8-vileexistence-form7,1440,0,78
encounter,furious,8,yuri,,3,154-furious-s8-vileexistence-form8,1440,0,24
stage,furious,1,yuri,,3,155-furious-s1-damkeeper-stage,2160,0,48
stage,furious,2,yuri,,3,156-furious-s2-infernoreaver-stage,2160,0,178
stage,furious,3,yuri,,3,157-furious-s3-cryospear-stage,2160,0,91
stage,furious,4,yuri,,3,158-furious-s4-stormsovereign-stage,2160,0,127
stage,furious,5,yuri,,3,159-furious-s5-xenoregent-stage,2160,0,206
stage,furious,6,yuri,,3,160-furious-s6-warhive-stage,2160,0,625
stage,furious,7,yuri,,3,161-furious-s7-sludgeemperor-stage,2160,0,124
stage,furious,8,yuri,,3,162-furious-s8-vileexistence-stage,2160,0,235
stage,furious,9,yuri,,3,163-furious-s9-tidalfusion-stage,2160,0,198
weapon,easy,1,axel,0,1,easy-axel-w0-L1,120,0,27
weapon,easy,1,axel,1,1,easy-axel-w1-L1,120,0,39
weapon,easy,1,axel,2,1,easy-axel-w2-L1,120,0,25
weapon,easy,1,axel,3,1,easy-axel-w3-L1,120,0,4
weapon,easy,1,axel,4,1,easy-axel-w4-L1,120,0,4
weapon,easy,1,axel,5,1,easy-axel-w5-L1,120,0,55
weapon,easy,1,axel,6,1,easy-axel-w6-L1,120,0,162
weapon,easy,1,axel,7,1,easy-axel-w7-L1,120,0,23
weapon,easy,1,axel,0,3,easy-axel-w0-L3,120,0,59
weapon,easy,1,axel,1,3,easy-axel-w1-L3,120,0,73
weapon,easy,1,axel,2,3,easy-axel-w2-L3,120,0,36
weapon,easy,1,axel,3,3,easy-axel-w3-L3,120,0,4
weapon,easy,1,axel,4,3,easy-axel-w4-L3,120,0,4
weapon,easy,1,axel,5,3,easy-axel-w5-L3,120,0,123
weapon,easy,1,axel,6,3,easy-axel-w6-L3,120,0,201
weapon,easy,1,axel,7,3,easy-axel-w7-L3,120,0,51
weapon,easy,1,axel,0,5,easy-axel-w0-L5,120,0,93
weapon,easy,1,axel,1,5,easy-axel-w1-L5,120,0,108
weapon,easy,1,axel,2,5,easy-axel-w2-L5,120,0,47
weapon,easy,1,axel,3,5,easy-axel-w3-L5,120,0,4
weapon,easy,1,axel,4,5,easy-axel-w4-L5,120,0,4
weapon,easy,1,axel,5,5,easy-axel-w5-L5,120,0,293
weapon,easy,1,axel,6,5,easy-axel-w6-L5,120,0,252
weapon,easy,1,axel,7,5,easy-axel-w7-L5,120,0,93
weapon,easy,1,decker,0,1,easy-decker-w0-L1,120,0,27
weapon,easy,1,decker,1,1,easy-decker-w1-L1,120,0,39
weapon,easy,1,decker,2,1,easy-decker-w2-L1,120,0,27
weapon,easy,1,decker,3,1,easy-decker-w3-L1,120,0,4
weapon,easy,1,decker,4,1,easy-decker-w4-L1,120,0,4
weapon,easy,1,decker,5,1,easy-decker-w5-L1,120,0,55
weapon,easy,1,decker,6,1,easy-decker-w6-L1,120,0,171
weapon,easy,1,decker,7,1,easy-decker-w7-L1,120,0,23
weapon,easy,1,decker,0,3,easy-decker-w0-L3,120,0,59
weapon,easy,1,decker,1,3,easy-decker-w1-L3,120,0,73
weapon,easy,1,decker,2,3,easy-decker-w2-L3,120,0,39
weapon,easy,1,decker,3,3,easy-decker-w3-L3,120,0,4
weapon,easy,1,decker,4,3,easy-decker-w4-L3,120,0,4
weapon,easy,1,decker,5,3,easy-decker-w5-L3,120,0,123
weapon,easy,1,decker,6,3,easy-decker-w6-L3,120,0,210
weapon,easy,1,decker,7,3,easy-decker-w7-L3,120,0,51
weapon,easy,1,decker,0,5,easy-decker-w0-L5,120,0,93
weapon,easy,1,decker,1,5,easy-decker-w1-L5,120,0,108
weapon,easy,1,decker,2,5,easy-decker-w2-L5,120,0,51
weapon,easy,1,decker,3,5,easy-decker-w3-L5,120,0,4
weapon,easy,1,decker,4,5,easy-decker-w4-L5,120,0,4
weapon,easy,1,decker,5,5,easy-decker-w5-L5,120,0,293
weapon,easy,1,decker,6,5,easy-decker-w6-L5,120,0,252
weapon,easy,1,decker,7,5,easy-decker-w7-L5,120,0,93
weapon,easy,1,maverick,0,1,easy-maverick-w0-L1,120,0,31
weapon,easy,1,maverick,1,1,easy-maverick-w1-L1,120,0,45
weapon,easy,1,maverick,2,1,easy-maverick-w2-L1,120,0,27
weapon,easy,1,maverick,3,1,easy-maverick-w3-L1,120,0,63
weapon,easy,1,maverick,4,1,easy-maverick-w4-L1,120,0,4
weapon,easy,1,maverick,5,1,easy-maverick-w5-L1,120,0,55
weapon,easy,1,maverick,6,1,easy-maverick-w6-L1,120,0,171
weapon,easy,1,maverick,7,1,easy-maverick-w7-L1,120,0,23
weapon,easy,1,maverick,0,3,easy-maverick-w0-L3,120,0,63
weapon,easy,1,maverick,1,3,easy-maverick-w1-L3,120,0,78
weapon,easy,1,maverick,2,3,easy-maverick-w2-L3,120,0,39
weapon,easy,1,maverick,3,3,easy-maverick-w3-L3,120,0,63
weapon,easy,1,maverick,4,3,easy-maverick-w4-L3,120,0,4
weapon,easy,1,maverick,5,3,easy-maverick-w5-L3,120,0,123
weapon,easy,1,maverick,6,3,easy-maverick-w6-L3,120,0,210
weapon,easy,1,maverick,7,3,easy-maverick-w7-L3,120,0,51
weapon,easy,1,maverick,0,5,easy-maverick-w0-L5,120,0,93
weapon,easy,1,maverick,1,5,easy-maverick-w1-L5,120,0,108
weapon,easy,1,maverick,2,5,easy-maverick-w2-L5,120,0,51
weapon,easy,1,maverick,3,5,easy-maverick-w3-L5,120,0,63
weapon,easy,1,maverick,4,5,easy-maverick-w4-L5,120,0,4
weapon,easy,1,maverick,5,5,easy-maverick-w5-L5,120,0,302
weapon,easy,1,maverick,6,5,easy-maverick-w6-L5,120,0,288
weapon,easy,1,maverick,7,5,easy-maverick-w7-L5,120,0,93
weapon,easy,1,freezer,0,1,easy-freezer-w0-L1,120,0,27
weapon,easy,1,freezer,1,1,easy-freezer-w1-L1,120,0,39
weapon,easy,1,freezer,2,1,easy-freezer-w2-L1,120,0,25
weapon,easy,1,freezer,3,1,easy-freezer-w3-L1,120,0,4
weapon,easy,1,freezer,4,1,easy-freezer-w4-L1,120,0,4
weapon,easy,1,freezer,5,1,easy-freezer-w5-L1,120,0,55
weapon,easy,1,freezer,6,1,easy-freezer-w6-L1,120,0,171
weapon,easy,1,freezer,7,1,easy-freezer-w7-L1,120,0,23
weapon,easy,1,freezer,0,3,easy-freezer-w0-L3,120,0,59
weapon,easy,1,freezer,1,3,easy-freezer-w1-L3,120,0,73
weapon,easy,1,freezer,2,3,easy-freezer-w2-L3,120,0,36
weapon,easy,1,freezer,3,3,easy-freezer-w3-L3,120,0,4
weapon,easy,1,freezer,4,3,easy-freezer-w4-L3,120,0,4
weapon,easy,1,freezer,5,3,easy-freezer-w5-L3,120,0,123
weapon,easy,1,freezer,6,3,easy-freezer-w6-L3,120,0,210
weapon,easy,1,freezer,7,3,easy-freezer-w7-L3,120,0,51
weapon,easy,1,freezer,0,5,easy-freezer-w0-L5,120,0,93
weapon,easy,1,freezer,1,5,easy-freezer-w1-L5,120,0,108
weapon,easy,1,freezer,2,5,easy-freezer-w2-L5,120,0,47
weapon,easy,1,freezer,3,5,easy-freezer-w3-L5,120,0,4
weapon,easy,1,freezer,4,5,easy-freezer-w4-L5,120,0,4
weapon,easy,1,freezer,5,5,easy-freezer-w5-L5,120,0,293
weapon,easy,1,freezer,6,5,easy-freezer-w6-L5,120,0,252
weapon,easy,1,freezer,7,5,easy-freezer-w7-L5,120,0,93
weapon,easy,1,juggernaut,0,1,easy-juggernaut-w0-L1,120,0,27
weapon,easy,1,juggernaut,1,1,easy-juggernaut-w1-L1,120,0,39
weapon,easy,1,juggernaut,2,1,easy-juggernaut-w2-L1,120,0,25
weapon,easy,1,juggernaut,3,1,easy-juggernaut-w3-L1,120,0,4
weapon,easy,1,juggernaut,4,1,easy-juggernaut-w4-L1,120,0,4
weapon,easy,1,juggernaut,5,1,easy-juggernaut-w5-L1,120,0,55
weapon,easy,1,juggernaut,6,1,easy-juggernaut-w6-L1,120,0,162
weapon,easy,1,juggernaut,7,1,easy-juggernaut-w7-L1,120,0,23
weapon,easy,1,juggernaut,0,3,easy-juggernaut-w0-L3,120,0,59
weapon,easy,1,juggernaut,1,3,easy-juggernaut-w1-L3,120,0,73
weapon,easy,1,juggernaut,2,3,easy-juggernaut-w2-L3,120,0,36
weapon,easy,1,juggernaut,3,3,easy-juggernaut-w3-L3,120,0,4
weapon,easy,1,juggernaut,4,3,easy-juggernaut-w4-L3,120,0,4
weapon,easy,1,juggernaut,5,3,easy-juggernaut-w5-L3,120,0,123
weapon,easy,1,juggernaut,6,3,easy-juggernaut-w6-L3,120,0,210
weapon,easy,1,juggernaut,7,3,easy-juggernaut-w7-L3,120,0,51
weapon,easy,1,juggernaut,0,5,easy-juggernaut-w0-L5,120,0,93
weapon,easy,1,juggernaut,1,5,easy-juggernaut-w1-L5,120,0,108
weapon,easy,1,juggernaut,2,5,easy-juggernaut-w2-L5,120,0,47
weapon,easy,1,juggernaut,3,5,easy-juggernaut-w3-L5,120,0,4
weapon,easy,1,juggernaut,4,5,easy-juggernaut-w4-L5,120,0,4
weapon,easy,1,juggernaut,5,5,easy-juggernaut-w5-L5,120,0,293
weapon,easy,1,juggernaut,6,5,easy-juggernaut-w6-L5,120,0,252
weapon,easy,1,juggernaut,7,5,easy-juggernaut-w7-L5,120,0,93
weapon,easy,1,yuri,0,1,easy-yuri-w0-L1,120,0,31
weapon,easy,1,yuri,1,1,easy-yuri-w1-L1,120,0,45
weapon,easy,1,yuri,2,1,easy-yuri-w2-L1,120,0,27
weapon,easy,1,yuri,3,1,easy-yuri-w3-L1,120,0,4
weapon,easy,1,yuri,4,1,easy-yuri-w4-L1,120,0,4
weapon,easy,1,yuri,5,1,easy-yuri-w5-L1,120,0,55
weapon,easy,1,yuri,6,1,easy-yuri-w6-L1,120,0,171
weapon,easy,1,yuri,7,1,easy-yuri-w7-L1,120,0,23
weapon,easy,1,yuri,0,3,easy-yuri-w0-L3,120,0,63
weapon,easy,1,yuri,1,3,easy-yuri-w1-L3,120,0,78
weapon,easy,1,yuri,2,3,easy-yuri-w2-L3,120,0,39
weapon,easy,1,yuri,3,3,easy-yuri-w3-L3,120,0,4
weapon,easy,1,yuri,4,3,easy-yuri-w4-L3,120,0,4
weapon,easy,1,yuri,5,3,easy-yuri-w5-L3,120,0,123
weapon,easy,1,yuri,6,3,easy-yuri-w6-L3,120,0,210
weapon,easy,1,yuri,7,3,easy-yuri-w7-L3,120,0,51
weapon,easy,1,yuri,0,5,easy-yuri-w0-L5,120,0,111
weapon,easy,1,yuri,1,5,easy-yuri-w1-L5,120,0,129
weapon,easy,1,yuri,2,5,easy-yuri-w2-L5,120,0,51
weapon,easy,1,yuri,3,5,easy-yuri-w3-L5,120,0,4
weapon,easy,1,yuri,4,5,easy-yuri-w4-L5,120,0,4
weapon,easy,1,yuri,5,5,easy-yuri-w5-L5,120,0,302
weapon,easy,1,yuri,6,5,easy-yuri-w6-L5,120,0,237
weapon,easy,1,yuri,7,5,easy-yuri-w7-L5,120,0,93
weapon,easy,1,lizzie,0,1,easy-lizzie-w0-L1,120,0,27
weapon,easy,1,lizzie,1,1,easy-lizzie-w1-L1,120,0,39
weapon,easy,1,lizzie,2,1,easy-lizzie-w2-L1,120,0,27
weapon,easy,1,lizzie,3,1,easy-lizzie-w3-L1,120,0,4
weapon,easy,1,lizzie,4,1,easy-lizzie-w4-L1,120,0,4
weapon,easy,1,lizzie,5,1,easy-lizzie-w5-L1,120,0,55
weapon,easy,1,lizzie,6,1,easy-lizzie-w6-L1,120,0,171
weapon,easy,1,lizzie,7,1,easy-lizzie-w7-L1,120,0,23
weapon,easy,1,lizzie,0,3,easy-lizzie-w0-L3,120,0,59
weapon,easy,1,lizzie,1,3,easy-lizzie-w1-L3,120,0,73
weapon,easy,1,lizzie,2,3,easy-lizzie-w2-L3,120,0,39
weapon,easy,1,lizzie,3,3,easy-lizzie-w3-L3,120,0,4
weapon,easy,1,lizzie,4,3,easy-lizzie-w4-L3,120,0,4
weapon,easy,1,lizzie,5,3,easy-lizzie-w5-L3,120,0,123
weapon,easy,1,lizzie,6,3,easy-lizzie-w6-L3,120,0,210
weapon,easy,1,lizzie,7,3,easy-lizzie-w7-L3,120,0,51
weapon,easy,1,lizzie,0,5,easy-lizzie-w0-L5,120,0,93
weapon,easy,1,lizzie,1,5,easy-lizzie-w1-L5,120,0,108
weapon,easy,1,lizzie,2,5,easy-lizzie-w2-L5,120,0,51
weapon,easy,1,lizzie,3,5,easy-lizzie-w3-L5,120,0,4
weapon,easy,1,lizzie,4,5,easy-lizzie-w4-L5,120,0,4
weapon,easy,1,lizzie,5,5,easy-lizzie-w5-L5,120,0,293
weapon,easy,1,lizzie,6,5,easy-lizzie-w6-L5,120,0,252
weapon,easy,1,lizzie,7,5,easy-lizzie-w7-L5,120,0,93
weapon,easy,1,falva,0,1,easy-falva-w0-L1,120,0,31
weapon,easy,1,falva,1,1,easy-falva-w1-L1,120,0,45
weapon,easy,1,falva,2,1,easy-falva-w2-L1,120,0,27
weapon,easy,1,falva,3,1,easy-falva-w3-L1,120,0,4
weapon,easy,1,falva,4,1,easy-falva-w4-L1,120,0,4
weapon,easy,1,falva,5,1,easy-falva-w5-L1,120,0,55
weapon,easy,1,falva,6,1,easy-falva-w6-L1,120,0,171
weapon,easy,1,falva,7,1,easy-falva-w7-L1,120,0,23
weapon,easy,1,falva,0,3,easy-falva-w0-L3,120,0,63
weapon,easy,1,falva,1,3,easy-falva-w1-L3,120,0,78
weapon,easy,1,falva,2,3,easy-falva-w2-L3,120,0,39
weapon,easy,1,falva,3,3,easy-falva-w3-L3,120,0,4
weapon,easy,1,falva,4,3,easy-falva-w4-L3,120,0,4
weapon,easy,1,falva,5,3,easy-falva-w5-L3,120,0,123
weapon,easy,1,falva,6,3,easy-falva-w6-L3,120,0,210
weapon,easy,1,falva,7,3,easy-falva-w7-L3,120,0,51
weapon,easy,1,falva,0,5,easy-falva-w0-L5,120,0,111
weapon,easy,1,falva,1,5,easy-falva-w1-L5,120,0,129
weapon,easy,1,falva,2,5,easy-falva-w2-L5,120,0,51
weapon,easy,1,falva,3,5,easy-falva-w3-L5,120,0,4
weapon,easy,1,falva,4,5,easy-falva-w4-L5,120,0,4
weapon,easy,1,falva,5,5,easy-falva-w5-L5,120,0,302
weapon,easy,1,falva,6,5,easy-falva-w6-L5,120,0,237
weapon,easy,1,falva,7,5,easy-falva-w7-L5,120,0,93
weapon,easy,1,cole,0,1,easy-cole-w0-L1,120,0,31
weapon,easy,1,cole,1,1,easy-cole-w1-L1,120,0,45
weapon,easy,1,cole,2,1,easy-cole-w2-L1,120,0,27
weapon,easy,1,cole,3,1,easy-cole-w3-L1,120,0,4
weapon,easy,1,cole,4,1,easy-cole-w4-L1,120,0,4
weapon,easy,1,cole,5,1,easy-cole-w5-L1,120,0,55
weapon,easy,1,cole,6,1,easy-cole-w6-L1,120,0,171
weapon,easy,1,cole,7,1,easy-cole-w7-L1,120,0,23
weapon,easy,1,cole,0,3,easy-cole-w0-L3,120,0,63
weapon,easy,1,cole,1,3,easy-cole-w1-L3,120,0,78
weapon,easy,1,cole,2,3,easy-cole-w2-L3,120,0,39
weapon,easy,1,cole,3,3,easy-cole-w3-L3,120,0,4
weapon,easy,1,cole,4,3,easy-cole-w4-L3,120,0,4
weapon,easy,1,cole,5,3,easy-cole-w5-L3,120,0,123
weapon,easy,1,cole,6,3,easy-cole-w6-L3,120,0,210
weapon,easy,1,cole,7,3,easy-cole-w7-L3,120,0,51
weapon,easy,1,cole,0,5,easy-cole-w0-L5,120,0,93
weapon,easy,1,cole,1,5,easy-cole-w1-L5,120,0,108
weapon,easy,1,cole,2,5,easy-cole-w2-L5,120,0,51
weapon,easy,1,cole,3,5,easy-cole-w3-L5,120,0,4
weapon,easy,1,cole,4,5,easy-cole-w4-L5,120,0,4
weapon,easy,1,cole,5,5,easy-cole-w5-L5,120,0,302
weapon,easy,1,cole,6,5,easy-cole-w6-L5,120,0,288
weapon,easy,1,cole,7,5,easy-cole-w7-L5,120,0,93
weapon,normal,1,axel,0,1,normal-axel-w0-L1,120,0,27
weapon,normal,1,axel,1,1,normal-axel-w1-L1,120,0,39
weapon,normal,1,axel,2,1,normal-axel-w2-L1,120,0,25
weapon,normal,1,axel,3,1,normal-axel-w3-L1,120,0,4
weapon,normal,1,axel,4,1,normal-axel-w4-L1,120,0,4
weapon,normal,1,axel,5,1,normal-axel-w5-L1,120,0,55
weapon,normal,1,axel,6,1,normal-axel-w6-L1,120,0,162
weapon,normal,1,axel,7,1,normal-axel-w7-L1,120,0,23
weapon,normal,1,axel,0,3,normal-axel-w0-L3,120,0,59
weapon,normal,1,axel,1,3,normal-axel-w1-L3,120,0,73
weapon,normal,1,axel,2,3,normal-axel-w2-L3,120,0,36
weapon,normal,1,axel,3,3,normal-axel-w3-L3,120,0,4
weapon,normal,1,axel,4,3,normal-axel-w4-L3,120,0,4
weapon,normal,1,axel,5,3,normal-axel-w5-L3,120,0,123
weapon,normal,1,axel,6,3,normal-axel-w6-L3,120,0,201
weapon,normal,1,axel,7,3,normal-axel-w7-L3,120,0,51
weapon,normal,1,axel,0,5,normal-axel-w0-L5,120,0,93
weapon,normal,1,axel,1,5,normal-axel-w1-L5,120,0,108
weapon,normal,1,axel,2,5,normal-axel-w2-L5,120,0,47
weapon,normal,1,axel,3,5,normal-axel-w3-L5,120,0,4
weapon,normal,1,axel,4,5,normal-axel-w4-L5,120,0,4
weapon,normal,1,axel,5,5,normal-axel-w5-L5,120,0,293
weapon,normal,1,axel,6,5,normal-axel-w6-L5,120,0,252
weapon,normal,1,axel,7,5,normal-axel-w7-L5,120,0,93
weapon,normal,1,decker,0,1,normal-decker-w0-L1,120,0,27
weapon,normal,1,decker,1,1,normal-decker-w1-L1,120,0,39
weapon,normal,1,decker,2,1,normal-decker-w2-L1,120,0,27
weapon,normal,1,decker,3,1,normal-decker-w3-L1,120,0,4
weapon,normal,1,decker,4,1,normal-decker-w4-L1,120,0,4
weapon,normal,1,decker,5,1,normal-decker-w5-L1,120,0,55
weapon,normal,1,decker,6,1,normal-decker-w6-L1,120,0,171
weapon,normal,1,decker,7,1,normal-decker-w7-L1,120,0,23
weapon,normal,1,decker,0,3,normal-decker-w0-L3,120,0,59
weapon,normal,1,decker,1,3,normal-decker-w1-L3,120,0,73
weapon,normal,1,decker,2,3,normal-decker-w2-L3,120,0,39
weapon,normal,1,decker,3,3,normal-decker-w3-L3,120,0,4
weapon,normal,1,decker,4,3,normal-decker-w4-L3,120,0,4
weapon,normal,1,decker,5,3,normal-decker-w5-L3,120,0,123
weapon,normal,1,decker,6,3,normal-decker-w6-L3,120,0,210
weapon,normal,1,decker,7,3,normal-decker-w7-L3,120,0,51
weapon,normal,1,decker,0,5,normal-decker-w0-L5,120,0,93
weapon,normal,1,decker,1,5,normal-decker-w1-L5,120,0,108
weapon,normal,1,decker,2,5,normal-decker-w2-L5,120,0,51
weapon,normal,1,decker,3,5,normal-decker-w3-L5,120,0,4
weapon,normal,1,decker,4,5,normal-decker-w4-L5,120,0,4
weapon,normal,1,decker,5,5,normal-decker-w5-L5,120,0,293
weapon,normal,1,decker,6,5,normal-decker-w6-L5,120,0,252
weapon,normal,1,decker,7,5,normal-decker-w7-L5,120,0,93
weapon,normal,1,maverick,0,1,normal-maverick-w0-L1,120,0,31
weapon,normal,1,maverick,1,1,normal-maverick-w1-L1,120,0,45
weapon,normal,1,maverick,2,1,normal-maverick-w2-L1,120,0,27
weapon,normal,1,maverick,3,1,normal-maverick-w3-L1,120,0,63
weapon,normal,1,maverick,4,1,normal-maverick-w4-L1,120,0,4
weapon,normal,1,maverick,5,1,normal-maverick-w5-L1,120,0,55
weapon,normal,1,maverick,6,1,normal-maverick-w6-L1,120,0,171
weapon,normal,1,maverick,7,1,normal-maverick-w7-L1,120,0,23
weapon,normal,1,maverick,0,3,normal-maverick-w0-L3,120,0,63
weapon,normal,1,maverick,1,3,normal-maverick-w1-L3,120,0,78
weapon,normal,1,maverick,2,3,normal-maverick-w2-L3,120,0,39
weapon,normal,1,maverick,3,3,normal-maverick-w3-L3,120,0,63
weapon,normal,1,maverick,4,3,normal-maverick-w4-L3,120,0,4
weapon,normal,1,maverick,5,3,normal-maverick-w5-L3,120,0,123
weapon,normal,1,maverick,6,3,normal-maverick-w6-L3,120,0,210
weapon,normal,1,maverick,7,3,normal-maverick-w7-L3,120,0,51
weapon,normal,1,maverick,0,5,normal-maverick-w0-L5,120,0,93
weapon,normal,1,maverick,1,5,normal-maverick-w1-L5,120,0,108
weapon,normal,1,maverick,2,5,normal-maverick-w2-L5,120,0,51
weapon,normal,1,maverick,3,5,normal-maverick-w3-L5,120,0,63
weapon,normal,1,maverick,4,5,normal-maverick-w4-L5,120,0,4
weapon,normal,1,maverick,5,5,normal-maverick-w5-L5,120,0,302
weapon,normal,1,maverick,6,5,normal-maverick-w6-L5,120,0,288
weapon,normal,1,maverick,7,5,normal-maverick-w7-L5,120,0,93
weapon,normal,1,freezer,0,1,normal-freezer-w0-L1,120,0,27
weapon,normal,1,freezer,1,1,normal-freezer-w1-L1,120,0,39
weapon,normal,1,freezer,2,1,normal-freezer-w2-L1,120,0,25
weapon,normal,1,freezer,3,1,normal-freezer-w3-L1,120,0,4
weapon,normal,1,freezer,4,1,normal-freezer-w4-L1,120,0,4
weapon,normal,1,freezer,5,1,normal-freezer-w5-L1,120,0,55
weapon,normal,1,freezer,6,1,normal-freezer-w6-L1,120,0,171
weapon,normal,1,freezer,7,1,normal-freezer-w7-L1,120,0,23
weapon,normal,1,freezer,0,3,normal-freezer-w0-L3,120,0,59
weapon,normal,1,freezer,1,3,normal-freezer-w1-L3,120,0,73
weapon,normal,1,freezer,2,3,normal-freezer-w2-L3,120,0,36
weapon,normal,1,freezer,3,3,normal-freezer-w3-L3,120,0,4
weapon,normal,1,freezer,4,3,normal-freezer-w4-L3,120,0,4
weapon,normal,1,freezer,5,3,normal-freezer-w5-L3,120,0,123
weapon,normal,1,freezer,6,3,normal-freezer-w6-L3,120,0,210
weapon,normal,1,freezer,7,3,normal-freezer-w7-L3,120,0,51
weapon,normal,1,freezer,0,5,normal-freezer-w0-L5,120,0,93
weapon,normal,1,freezer,1,5,normal-freezer-w1-L5,120,0,108
weapon,normal,1,freezer,2,5,normal-freezer-w2-L5,120,0,47
weapon,normal,1,freezer,3,5,normal-freezer-w3-L5,120,0,4
weapon,normal,1,freezer,4,5,normal-freezer-w4-L5,120,0,4
weapon,normal,1,freezer,5,5,normal-freezer-w5-L5,120,0,293
weapon,normal,1,freezer,6,5,normal-freezer-w6-L5,120,0,252
weapon,normal,1,freezer,7,5,normal-freezer-w7-L5,120,0,93
weapon,normal,1,juggernaut,0,1,normal-juggernaut-w0-L1,120,0,27
weapon,normal,1,juggernaut,1,1,normal-juggernaut-w1-L1,120,0,39
weapon,normal,1,juggernaut,2,1,normal-juggernaut-w2-L1,120,0,25
weapon,normal,1,juggernaut,3,1,normal-juggernaut-w3-L1,120,0,4
weapon,normal,1,juggernaut,4,1,normal-juggernaut-w4-L1,120,0,4
weapon,normal,1,juggernaut,5,1,normal-juggernaut-w5-L1,120,0,55
weapon,normal,1,juggernaut,6,1,normal-juggernaut-w6-L1,120,0,162
weapon,normal,1,juggernaut,7,1,normal-juggernaut-w7-L1,120,0,23
weapon,normal,1,juggernaut,0,3,normal-juggernaut-w0-L3,120,0,59
weapon,normal,1,juggernaut,1,3,normal-juggernaut-w1-L3,120,0,73
weapon,normal,1,juggernaut,2,3,normal-juggernaut-w2-L3,120,0,36
weapon,normal,1,juggernaut,3,3,normal-juggernaut-w3-L3,120,0,4
weapon,normal,1,juggernaut,4,3,normal-juggernaut-w4-L3,120,0,4
weapon,normal,1,juggernaut,5,3,normal-juggernaut-w5-L3,120,0,123
weapon,normal,1,juggernaut,6,3,normal-juggernaut-w6-L3,120,0,210
weapon,normal,1,juggernaut,7,3,normal-juggernaut-w7-L3,120,0,51
weapon,normal,1,juggernaut,0,5,normal-juggernaut-w0-L5,120,0,93
weapon,normal,1,juggernaut,1,5,normal-juggernaut-w1-L5,120,0,108
weapon,normal,1,juggernaut,2,5,normal-juggernaut-w2-L5,120,0,47
weapon,normal,1,juggernaut,3,5,normal-juggernaut-w3-L5,120,0,4
weapon,normal,1,juggernaut,4,5,normal-juggernaut-w4-L5,120,0,4
weapon,normal,1,juggernaut,5,5,normal-juggernaut-w5-L5,120,0,293
weapon,normal,1,juggernaut,6,5,normal-juggernaut-w6-L5,120,0,252
weapon,normal,1,juggernaut,7,5,normal-juggernaut-w7-L5,120,0,93
weapon,normal,1,yuri,0,1,normal-yuri-w0-L1,120,0,31
weapon,normal,1,yuri,1,1,normal-yuri-w1-L1,120,0,45
weapon,normal,1,yuri,2,1,normal-yuri-w2-L1,120,0,27
weapon,normal,1,yuri,3,1,normal-yuri-w3-L1,120,0,4
weapon,normal,1,yuri,4,1,normal-yuri-w4-L1,120,0,4
weapon,normal,1,yuri,5,1,normal-yuri-w5-L1,120,0,55
weapon,normal,1,yuri,6,1,normal-yuri-w6-L1,120,0,171
weapon,normal,1,yuri,7,1,normal-yuri-w7-L1,120,0,23
weapon,normal,1,yuri,0,3,normal-yuri-w0-L3,120,0,63
weapon,normal,1,yuri,1,3,normal-yuri-w1-L3,120,0,78
weapon,normal,1,yuri,2,3,normal-yuri-w2-L3,120,0,39
weapon,normal,1,yuri,3,3,normal-yuri-w3-L3,120,0,4
weapon,normal,1,yuri,4,3,normal-yuri-w4-L3,120,0,4
weapon,normal,1,yuri,5,3,normal-yuri-w5-L3,120,0,123
weapon,normal,1,yuri,6,3,normal-yuri-w6-L3,120,0,210
weapon,normal,1,yuri,7,3,normal-yuri-w7-L3,120,0,51
weapon,normal,1,yuri,0,5,normal-yuri-w0-L5,120,0,111
weapon,normal,1,yuri,1,5,normal-yuri-w1-L5,120,0,129
weapon,normal,1,yuri,2,5,normal-yuri-w2-L5,120,0,51
weapon,normal,1,yuri,3,5,normal-yuri-w3-L5,120,0,4
weapon,normal,1,yuri,4,5,normal-yuri-w4-L5,120,0,4
weapon,normal,1,yuri,5,5,normal-yuri-w5-L5,120,0,302
weapon,normal,1,yuri,6,5,normal-yuri-w6-L5,120,0,237
weapon,normal,1,yuri,7,5,normal-yuri-w7-L5,120,0,93
weapon,normal,1,lizzie,0,1,normal-lizzie-w0-L1,120,0,27
weapon,normal,1,lizzie,1,1,normal-lizzie-w1-L1,120,0,39
weapon,normal,1,lizzie,2,1,normal-lizzie-w2-L1,120,0,27
weapon,normal,1,lizzie,3,1,normal-lizzie-w3-L1,120,0,4
weapon,normal,1,lizzie,4,1,normal-lizzie-w4-L1,120,0,4
weapon,normal,1,lizzie,5,1,normal-lizzie-w5-L1,120,0,55
weapon,normal,1,lizzie,6,1,normal-lizzie-w6-L1,120,0,171
weapon,normal,1,lizzie,7,1,normal-lizzie-w7-L1,120,0,23
weapon,normal,1,lizzie,0,3,normal-lizzie-w0-L3,120,0,59
weapon,normal,1,lizzie,1,3,normal-lizzie-w1-L3,120,0,73
weapon,normal,1,lizzie,2,3,normal-lizzie-w2-L3,120,0,39
weapon,normal,1,lizzie,3,3,normal-lizzie-w3-L3,120,0,4
weapon,normal,1,lizzie,4,3,normal-lizzie-w4-L3,120,0,4
weapon,normal,1,lizzie,5,3,normal-lizzie-w5-L3,120,0,123
weapon,normal,1,lizzie,6,3,normal-lizzie-w6-L3,120,0,210
weapon,normal,1,lizzie,7,3,normal-lizzie-w7-L3,120,0,51
weapon,normal,1,lizzie,0,5,normal-lizzie-w0-L5,120,0,93
weapon,normal,1,lizzie,1,5,normal-lizzie-w1-L5,120,0,108
weapon,normal,1,lizzie,2,5,normal-lizzie-w2-L5,120,0,51
weapon,normal,1,lizzie,3,5,normal-lizzie-w3-L5,120,0,4
weapon,normal,1,lizzie,4,5,normal-lizzie-w4-L5,120,0,4
weapon,normal,1,lizzie,5,5,normal-lizzie-w5-L5,120,0,293
weapon,normal,1,lizzie,6,5,normal-lizzie-w6-L5,120,0,252
weapon,normal,1,lizzie,7,5,normal-lizzie-w7-L5,120,0,93
weapon,normal,1,falva,0,1,normal-falva-w0-L1,120,0,31
weapon,normal,1,falva,1,1,normal-falva-w1-L1,120,0,45
weapon,normal,1,falva,2,1,normal-falva-w2-L1,120,0,27
weapon,normal,1,falva,3,1,normal-falva-w3-L1,120,0,4
weapon,normal,1,falva,4,1,normal-falva-w4-L1,120,0,4
weapon,normal,1,falva,5,1,normal-falva-w5-L1,120,0,55
weapon,normal,1,falva,6,1,normal-falva-w6-L1,120,0,171
weapon,normal,1,falva,7,1,normal-falva-w7-L1,120,0,23
weapon,normal,1,falva,0,3,normal-falva-w0-L3,120,0,63
weapon,normal,1,falva,1,3,normal-falva-w1-L3,120,0,78
weapon,normal,1,falva,2,3,normal-falva-w2-L3,120,0,39
weapon,normal,1,falva,3,3,normal-falva-w3-L3,120,0,4
weapon,normal,1,falva,4,3,normal-falva-w4-L3,120,0,4
weapon,normal,1,falva,5,3,normal-falva-w5-L3,120,0,123
weapon,normal,1,falva,6,3,normal-falva-w6-L3,120,0,210
weapon,normal,1,falva,7,3,normal-falva-w7-L3,120,0,51
weapon,normal,1,falva,0,5,normal-falva-w0-L5,120,0,111
weapon,normal,1,falva,1,5,normal-falva-w1-L5,120,0,129
weapon,normal,1,falva,2,5,normal-falva-w2-L5,120,0,51
weapon,normal,1,falva,3,5,normal-falva-w3-L5,120,0,4
weapon,normal,1,falva,4,5,normal-falva-w4-L5,120,0,4
weapon,normal,1,falva,5,5,normal-falva-w5-L5,120,0,302
weapon,normal,1,falva,6,5,normal-falva-w6-L5,120,0,237
weapon,normal,1,falva,7,5,normal-falva-w7-L5,120,0,93
weapon,normal,1,cole,0,1,normal-cole-w0-L1,120,0,31
weapon,normal,1,cole,1,1,normal-cole-w1-L1,120,0,45
weapon,normal,1,cole,2,1,normal-cole-w2-L1,120,0,27
weapon,normal,1,cole,3,1,normal-cole-w3-L1,120,0,4
weapon,normal,1,cole,4,1,normal-cole-w4-L1,120,0,4
weapon,normal,1,cole,5,1,normal-cole-w5-L1,120,0,55
weapon,normal,1,cole,6,1,normal-cole-w6-L1,120,0,171
weapon,normal,1,cole,7,1,normal-cole-w7-L1,120,0,23
weapon,normal,1,cole,0,3,normal-cole-w0-L3,120,0,63
weapon,normal,1,cole,1,3,normal-cole-w1-L3,120,0,78
weapon,normal,1,cole,2,3,normal-cole-w2-L3,120,0,39
weapon,normal,1,cole,3,3,normal-cole-w3-L3,120,0,4
weapon,normal,1,cole,4,3,normal-cole-w4-L3,120,0,4
weapon,normal,1,cole,5,3,normal-cole-w5-L3,120,0,123
weapon,normal,1,cole,6,3,normal-cole-w6-L3,120,0,210
weapon,normal,1,cole,7,3,normal-cole-w7-L3,120,0,51
weapon,normal,1,cole,0,5,normal-cole-w0-L5,120,0,93
weapon,normal,1,cole,1,5,normal-cole-w1-L5,120,0,108
weapon,normal,1,cole,2,5,normal-cole-w2-L5,120,0,51
weapon,normal,1,cole,3,5,normal-cole-w3-L5,120,0,4
weapon,normal,1,cole,4,5,normal-cole-w4-L5,120,0,4
weapon,normal,1,cole,5,5,normal-cole-w5-L5,120,0,302
weapon,normal,1,cole,6,5,normal-cole-w6-L5,120,0,288
weapon,normal,1,cole,7,5,normal-cole-w7-L5,120,0,93
weapon,hard,1,axel,0,1,hard-axel-w0-L1,120,0,27
weapon,hard,1,axel,1,1,hard-axel-w1-L1,120,0,39
weapon,hard,1,axel,2,1,hard-axel-w2-L1,120,0,25
weapon,hard,1,axel,3,1,hard-axel-w3-L1,120,0,4
weapon,hard,1,axel,4,1,hard-axel-w4-L1,120,0,4
weapon,hard,1,axel,5,1,hard-axel-w5-L1,120,0,55
weapon,hard,1,axel,6,1,hard-axel-w6-L1,120,0,162
weapon,hard,1,axel,7,1,hard-axel-w7-L1,120,0,23
weapon,hard,1,axel,0,3,hard-axel-w0-L3,120,0,59
weapon,hard,1,axel,1,3,hard-axel-w1-L3,120,0,73
weapon,hard,1,axel,2,3,hard-axel-w2-L3,120,0,36
weapon,hard,1,axel,3,3,hard-axel-w3-L3,120,0,4
weapon,hard,1,axel,4,3,hard-axel-w4-L3,120,0,4
weapon,hard,1,axel,5,3,hard-axel-w5-L3,120,0,123
weapon,hard,1,axel,6,3,hard-axel-w6-L3,120,0,201
weapon,hard,1,axel,7,3,hard-axel-w7-L3,120,0,51
weapon,hard,1,axel,0,5,hard-axel-w0-L5,120,0,93
weapon,hard,1,axel,1,5,hard-axel-w1-L5,120,0,108
weapon,hard,1,axel,2,5,hard-axel-w2-L5,120,0,47
weapon,hard,1,axel,3,5,hard-axel-w3-L5,120,0,4
weapon,hard,1,axel,4,5,hard-axel-w4-L5,120,0,4
weapon,hard,1,axel,5,5,hard-axel-w5-L5,120,0,293
weapon,hard,1,axel,6,5,hard-axel-w6-L5,120,0,252
weapon,hard,1,axel,7,5,hard-axel-w7-L5,120,0,93
weapon,hard,1,decker,0,1,hard-decker-w0-L1,120,0,27
weapon,hard,1,decker,1,1,hard-decker-w1-L1,120,0,39
weapon,hard,1,decker,2,1,hard-decker-w2-L1,120,0,27
weapon,hard,1,decker,3,1,hard-decker-w3-L1,120,0,4
weapon,hard,1,decker,4,1,hard-decker-w4-L1,120,0,4
weapon,hard,1,decker,5,1,hard-decker-w5-L1,120,0,55
weapon,hard,1,decker,6,1,hard-decker-w6-L1,120,0,171
weapon,hard,1,decker,7,1,hard-decker-w7-L1,120,0,23
weapon,hard,1,decker,0,3,hard-decker-w0-L3,120,0,59
weapon,hard,1,decker,1,3,hard-decker-w1-L3,120,0,73
weapon,hard,1,decker,2,3,hard-decker-w2-L3,120,0,39
weapon,hard,1,decker,3,3,hard-decker-w3-L3,120,0,4
weapon,hard,1,decker,4,3,hard-decker-w4-L3,120,0,4
weapon,hard,1,decker,5,3,hard-decker-w5-L3,120,0,123
weapon,hard,1,decker,6,3,hard-decker-w6-L3,120,0,210
weapon,hard,1,decker,7,3,hard-decker-w7-L3,120,0,51
weapon,hard,1,decker,0,5,hard-decker-w0-L5,120,0,93
weapon,hard,1,decker,1,5,hard-decker-w1-L5,120,0,108
weapon,hard,1,decker,2,5,hard-decker-w2-L5,120,0,51
weapon,hard,1,decker,3,5,hard-decker-w3-L5,120,0,4
weapon,hard,1,decker,4,5,hard-decker-w4-L5,120,0,4
weapon,hard,1,decker,5,5,hard-decker-w5-L5,120,0,293
weapon,hard,1,decker,6,5,hard-decker-w6-L5,120,0,252
weapon,hard,1,decker,7,5,hard-decker-w7-L5,120,0,93
weapon,hard,1,maverick,0,1,hard-maverick-w0-L1,120,0,31
weapon,hard,1,maverick,1,1,hard-maverick-w1-L1,120,0,45
weapon,hard,1,maverick,2,1,hard-maverick-w2-L1,120,0,27
weapon,hard,1,maverick,3,1,hard-maverick-w3-L1,120,0,63
weapon,hard,1,maverick,4,1,hard-maverick-w4-L1,120,0,4
weapon,hard,1,maverick,5,1,hard-maverick-w5-L1,120,0,55
weapon,hard,1,maverick,6,1,hard-maverick-w6-L1,120,0,171
weapon,hard,1,maverick,7,1,hard-maverick-w7-L1,120,0,23
weapon,hard,1,maverick,0,3,hard-maverick-w0-L3,120,0,63
weapon,hard,1,maverick,1,3,hard-maverick-w1-L3,120,0,78
weapon,hard,1,maverick,2,3,hard-maverick-w2-L3,120,0,39
weapon,hard,1,maverick,3,3,hard-maverick-w3-L3,120,0,63
weapon,hard,1,maverick,4,3,hard-maverick-w4-L3,120,0,4
weapon,hard,1,maverick,5,3,hard-maverick-w5-L3,120,0,123
weapon,hard,1,maverick,6,3,hard-maverick-w6-L3,120,0,210
weapon,hard,1,maverick,7,3,hard-maverick-w7-L3,120,0,51
weapon,hard,1,maverick,0,5,hard-maverick-w0-L5,120,0,93
weapon,hard,1,maverick,1,5,hard-maverick-w1-L5,120,0,108
weapon,hard,1,maverick,2,5,hard-maverick-w2-L5,120,0,51
weapon,hard,1,maverick,3,5,hard-maverick-w3-L5,120,0,63
weapon,hard,1,maverick,4,5,hard-maverick-w4-L5,120,0,4
weapon,hard,1,maverick,5,5,hard-maverick-w5-L5,120,0,302
weapon,hard,1,maverick,6,5,hard-maverick-w6-L5,120,0,288
weapon,hard,1,maverick,7,5,hard-maverick-w7-L5,120,0,93
weapon,hard,1,freezer,0,1,hard-freezer-w0-L1,120,0,27
weapon,hard,1,freezer,1,1,hard-freezer-w1-L1,120,0,39
weapon,hard,1,freezer,2,1,hard-freezer-w2-L1,120,0,25
weapon,hard,1,freezer,3,1,hard-freezer-w3-L1,120,0,4
weapon,hard,1,freezer,4,1,hard-freezer-w4-L1,120,0,4
weapon,hard,1,freezer,5,1,hard-freezer-w5-L1,120,0,55
weapon,hard,1,freezer,6,1,hard-freezer-w6-L1,120,0,171
weapon,hard,1,freezer,7,1,hard-freezer-w7-L1,120,0,23
weapon,hard,1,freezer,0,3,hard-freezer-w0-L3,120,0,59
weapon,hard,1,freezer,1,3,hard-freezer-w1-L3,120,0,73
weapon,hard,1,freezer,2,3,hard-freezer-w2-L3,120,0,36
weapon,hard,1,freezer,3,3,hard-freezer-w3-L3,120,0,4
weapon,hard,1,freezer,4,3,hard-freezer-w4-L3,120,0,4
weapon,hard,1,freezer,5,3,hard-freezer-w5-L3,120,0,123
weapon,hard,1,freezer,6,3,hard-freezer-w6-L3,120,0,210
weapon,hard,1,freezer,7,3,hard-freezer-w7-L3,120,0,51
weapon,hard,1,freezer,0,5,hard-freezer-w0-L5,120,0,93
weapon,hard,1,freezer,1,5,hard-freezer-w1-L5,120,0,108
weapon,hard,1,freezer,2,5,hard-freezer-w2-L5,120,0,47
weapon,hard,1,freezer,3,5,hard-freezer-w3-L5,120,0,4
weapon,hard,1,freezer,4,5,hard-freezer-w4-L5,120,0,4
weapon,hard,1,freezer,5,5,hard-freezer-w5-L5,120,0,293
weapon,hard,1,freezer,6,5,hard-freezer-w6-L5,120,0,252
weapon,hard,1,freezer,7,5,hard-freezer-w7-L5,120,0,93
weapon,hard,1,juggernaut,0,1,hard-juggernaut-w0-L1,120,0,27
weapon,hard,1,juggernaut,1,1,hard-juggernaut-w1-L1,120,0,39
weapon,hard,1,juggernaut,2,1,hard-juggernaut-w2-L1,120,0,25
weapon,hard,1,juggernaut,3,1,hard-juggernaut-w3-L1,120,0,4
weapon,hard,1,juggernaut,4,1,hard-juggernaut-w4-L1,120,0,4
weapon,hard,1,juggernaut,5,1,hard-juggernaut-w5-L1,120,0,55
weapon,hard,1,juggernaut,6,1,hard-juggernaut-w6-L1,120,0,162
weapon,hard,1,juggernaut,7,1,hard-juggernaut-w7-L1,120,0,23
weapon,hard,1,juggernaut,0,3,hard-juggernaut-w0-L3,120,0,59
weapon,hard,1,juggernaut,1,3,hard-juggernaut-w1-L3,120,0,73
weapon,hard,1,juggernaut,2,3,hard-juggernaut-w2-L3,120,0,36
weapon,hard,1,juggernaut,3,3,hard-juggernaut-w3-L3,120,0,4
weapon,hard,1,juggernaut,4,3,hard-juggernaut-w4-L3,120,0,4
weapon,hard,1,juggernaut,5,3,hard-juggernaut-w5-L3,120,0,123
weapon,hard,1,juggernaut,6,3,hard-juggernaut-w6-L3,120,0,210
weapon,hard,1,juggernaut,7,3,hard-juggernaut-w7-L3,120,0,51
weapon,hard,1,juggernaut,0,5,hard-juggernaut-w0-L5,120,0,93
weapon,hard,1,juggernaut,1,5,hard-juggernaut-w1-L5,120,0,108
weapon,hard,1,juggernaut,2,5,hard-juggernaut-w2-L5,120,0,47
weapon,hard,1,juggernaut,3,5,hard-juggernaut-w3-L5,120,0,4
weapon,hard,1,juggernaut,4,5,hard-juggernaut-w4-L5,120,0,4
weapon,hard,1,juggernaut,5,5,hard-juggernaut-w5-L5,120,0,293
weapon,hard,1,juggernaut,6,5,hard-juggernaut-w6-L5,120,0,252
weapon,hard,1,juggernaut,7,5,hard-juggernaut-w7-L5,120,0,93
weapon,hard,1,yuri,0,1,hard-yuri-w0-L1,120,0,31
weapon,hard,1,yuri,1,1,hard-yuri-w1-L1,120,0,45
weapon,hard,1,yuri,2,1,hard-yuri-w2-L1,120,0,27
weapon,hard,1,yuri,3,1,hard-yuri-w3-L1,120,0,4
weapon,hard,1,yuri,4,1,hard-yuri-w4-L1,120,0,4
weapon,hard,1,yuri,5,1,hard-yuri-w5-L1,120,0,55
weapon,hard,1,yuri,6,1,hard-yuri-w6-L1,120,0,171
weapon,hard,1,yuri,7,1,hard-yuri-w7-L1,120,0,23
weapon,hard,1,yuri,0,3,hard-yuri-w0-L3,120,0,63
weapon,hard,1,yuri,1,3,hard-yuri-w1-L3,120,0,78
weapon,hard,1,yuri,2,3,hard-yuri-w2-L3,120,0,39
weapon,hard,1,yuri,3,3,hard-yuri-w3-L3,120,0,4
weapon,hard,1,yuri,4,3,hard-yuri-w4-L3,120,0,4
weapon,hard,1,yuri,5,3,hard-yuri-w5-L3,120,0,123
weapon,hard,1,yuri,6,3,hard-yuri-w6-L3,120,0,210
weapon,hard,1,yuri,7,3,hard-yuri-w7-L3,120,0,51
weapon,hard,1,yuri,0,5,hard-yuri-w0-L5,120,0,111
weapon,hard,1,yuri,1,5,hard-yuri-w1-L5,120,0,129
weapon,hard,1,yuri,2,5,hard-yuri-w2-L5,120,0,51
weapon,hard,1,yuri,3,5,hard-yuri-w3-L5,120,0,4
weapon,hard,1,yuri,4,5,hard-yuri-w4-L5,120,0,4
weapon,hard,1,yuri,5,5,hard-yuri-w5-L5,120,0,302
weapon,hard,1,yuri,6,5,hard-yuri-w6-L5,120,0,237
weapon,hard,1,yuri,7,5,hard-yuri-w7-L5,120,0,93
weapon,hard,1,lizzie,0,1,hard-lizzie-w0-L1,120,0,27
weapon,hard,1,lizzie,1,1,hard-lizzie-w1-L1,120,0,39
weapon,hard,1,lizzie,2,1,hard-lizzie-w2-L1,120,0,27
weapon,hard,1,lizzie,3,1,hard-lizzie-w3-L1,120,0,4
weapon,hard,1,lizzie,4,1,hard-lizzie-w4-L1,120,0,4
weapon,hard,1,lizzie,5,1,hard-lizzie-w5-L1,120,0,55
weapon,hard,1,lizzie,6,1,hard-lizzie-w6-L1,120,0,171
weapon,hard,1,lizzie,7,1,hard-lizzie-w7-L1,120,0,23
weapon,hard,1,lizzie,0,3,hard-lizzie-w0-L3,120,0,59
weapon,hard,1,lizzie,1,3,hard-lizzie-w1-L3,120,0,73
weapon,hard,1,lizzie,2,3,hard-lizzie-w2-L3,120,0,39
weapon,hard,1,lizzie,3,3,hard-lizzie-w3-L3,120,0,4
weapon,hard,1,lizzie,4,3,hard-lizzie-w4-L3,120,0,4
weapon,hard,1,lizzie,5,3,hard-lizzie-w5-L3,120,0,123
weapon,hard,1,lizzie,6,3,hard-lizzie-w6-L3,120,0,210
weapon,hard,1,lizzie,7,3,hard-lizzie-w7-L3,120,0,51
weapon,hard,1,lizzie,0,5,hard-lizzie-w0-L5,120,0,93
weapon,hard,1,lizzie,1,5,hard-lizzie-w1-L5,120,0,108
weapon,hard,1,lizzie,2,5,hard-lizzie-w2-L5,120,0,51
weapon,hard,1,lizzie,3,5,hard-lizzie-w3-L5,120,0,4
weapon,hard,1,lizzie,4,5,hard-lizzie-w4-L5,120,0,4
weapon,hard,1,lizzie,5,5,hard-lizzie-w5-L5,120,0,293
weapon,hard,1,lizzie,6,5,hard-lizzie-w6-L5,120,0,252
weapon,hard,1,lizzie,7,5,hard-lizzie-w7-L5,120,0,93
weapon,hard,1,falva,0,1,hard-falva-w0-L1,120,0,31
weapon,hard,1,falva,1,1,hard-falva-w1-L1,120,0,45
weapon,hard,1,falva,2,1,hard-falva-w2-L1,120,0,27
weapon,hard,1,falva,3,1,hard-falva-w3-L1,120,0,4
weapon,hard,1,falva,4,1,hard-falva-w4-L1,120,0,4
weapon,hard,1,falva,5,1,hard-falva-w5-L1,120,0,55
weapon,hard,1,falva,6,1,hard-falva-w6-L1,120,0,171
weapon,hard,1,falva,7,1,hard-falva-w7-L1,120,0,23
weapon,hard,1,falva,0,3,hard-falva-w0-L3,120,0,63
weapon,hard,1,falva,1,3,hard-falva-w1-L3,120,0,78
weapon,hard,1,falva,2,3,hard-falva-w2-L3,120,0,39
weapon,hard,1,falva,3,3,hard-falva-w3-L3,120,0,4
weapon,hard,1,falva,4,3,hard-falva-w4-L3,120,0,4
weapon,hard,1,falva,5,3,hard-falva-w5-L3,120,0,123
weapon,hard,1,falva,6,3,hard-falva-w6-L3,120,0,210
weapon,hard,1,falva,7,3,hard-falva-w7-L3,120,0,51
weapon,hard,1,falva,0,5,hard-falva-w0-L5,120,0,111
weapon,hard,1,falva,1,5,hard-falva-w1-L5,120,0,129
weapon,hard,1,falva,2,5,hard-falva-w2-L5,120,0,51
weapon,hard,1,falva,3,5,hard-falva-w3-L5,120,0,4
weapon,hard,1,falva,4,5,hard-falva-w4-L5,120,0,4
weapon,hard,1,falva,5,5,hard-falva-w5-L5,120,0,302
weapon,hard,1,falva,6,5,hard-falva-w6-L5,120,0,237
weapon,hard,1,falva,7,5,hard-falva-w7-L5,120,0,93
weapon,hard,1,cole,0,1,hard-cole-w0-L1,120,0,31
weapon,hard,1,cole,1,1,hard-cole-w1-L1,120,0,45
weapon,hard,1,cole,2,1,hard-cole-w2-L1,120,0,27
weapon,hard,1,cole,3,1,hard-cole-w3-L1,120,0,4
weapon,hard,1,cole,4,1,hard-cole-w4-L1,120,0,4
weapon,hard,1,cole,5,1,hard-cole-w5-L1,120,0,55
weapon,hard,1,cole,6,1,hard-cole-w6-L1,120,0,171
weapon,hard,1,cole,7,1,hard-cole-w7-L1,120,0,23
weapon,hard,1,cole,0,3,hard-cole-w0-L3,120,0,63
weapon,hard,1,cole,1,3,hard-cole-w1-L3,120,0,78
weapon,hard,1,cole,2,3,hard-cole-w2-L3,120,0,39
weapon,hard,1,cole,3,3,hard-cole-w3-L3,120,0,4
weapon,hard,1,cole,4,3,hard-cole-w4-L3,120,0,4
weapon,hard,1,cole,5,3,hard-cole-w5-L3,120,0,123
weapon,hard,1,cole,6,3,hard-cole-w6-L3,120,0,210
weapon,hard,1,cole,7,3,hard-cole-w7-L3,120,0,51
weapon,hard,1,cole,0,5,hard-cole-w0-L5,120,0,93
weapon,hard,1,cole,1,5,hard-cole-w1-L5,120,0,108
weapon,hard,1,cole,2,5,hard-cole-w2-L5,120,0,51
weapon,hard,1,cole,3,5,hard-cole-w3-L5,120,0,4
weapon,hard,1,cole,4,5,hard-cole-w4-L5,120,0,4
weapon,hard,1,cole,5,5,hard-cole-w5-L5,120,0,302
weapon,hard,1,cole,6,5,hard-cole-w6-L5,120,0,288
weapon,hard,1,cole,7,5,hard-cole-w7-L5,120,0,93
weapon,furious,1,axel,0,1,furious-axel-w0-L1,120,0,27
weapon,furious,1,axel,1,1,furious-axel-w1-L1,120,0,39
weapon,furious,1,axel,2,1,furious-axel-w2-L1,120,0,25
weapon,furious,1,axel,3,1,furious-axel-w3-L1,120,0,4
weapon,furious,1,axel,4,1,furious-axel-w4-L1,120,0,4
weapon,furious,1,axel,5,1,furious-axel-w5-L1,120,0,55
weapon,furious,1,axel,6,1,furious-axel-w6-L1,120,0,162
weapon,furious,1,axel,7,1,furious-axel-w7-L1,120,0,23
weapon,furious,1,axel,0,3,furious-axel-w0-L3,120,0,59
weapon,furious,1,axel,1,3,furious-axel-w1-L3,120,0,73
weapon,furious,1,axel,2,3,furious-axel-w2-L3,120,0,36
weapon,furious,1,axel,3,3,furious-axel-w3-L3,120,0,4
weapon,furious,1,axel,4,3,furious-axel-w4-L3,120,0,4
weapon,furious,1,axel,5,3,furious-axel-w5-L3,120,0,123
weapon,furious,1,axel,6,3,furious-axel-w6-L3,120,0,201
weapon,furious,1,axel,7,3,furious-axel-w7-L3,120,0,51
weapon,furious,1,axel,0,5,furious-axel-w0-L5,120,0,93
weapon,furious,1,axel,1,5,furious-axel-w1-L5,120,0,108
weapon,furious,1,axel,2,5,furious-axel-w2-L5,120,0,47
weapon,furious,1,axel,3,5,furious-axel-w3-L5,120,0,4
weapon,furious,1,axel,4,5,furious-axel-w4-L5,120,0,4
weapon,furious,1,axel,5,5,furious-axel-w5-L5,120,0,293
weapon,furious,1,axel,6,5,furious-axel-w6-L5,120,0,252
weapon,furious,1,axel,7,5,furious-axel-w7-L5,120,0,93
weapon,furious,1,decker,0,1,furious-decker-w0-L1,120,0,27
weapon,furious,1,decker,1,1,furious-decker-w1-L1,120,0,39
weapon,furious,1,decker,2,1,furious-decker-w2-L1,120,0,27
weapon,furious,1,decker,3,1,furious-decker-w3-L1,120,0,4
weapon,furious,1,decker,4,1,furious-decker-w4-L1,120,0,4
weapon,furious,1,decker,5,1,furious-decker-w5-L1,120,0,55
weapon,furious,1,decker,6,1,furious-decker-w6-L1,120,0,171
weapon,furious,1,decker,7,1,furious-decker-w7-L1,120,0,23
weapon,furious,1,decker,0,3,furious-decker-w0-L3,120,0,59
weapon,furious,1,decker,1,3,furious-decker-w1-L3,120,0,73
weapon,furious,1,decker,2,3,furious-decker-w2-L3,120,0,39
weapon,furious,1,decker,3,3,furious-decker-w3-L3,120,0,4
weapon,furious,1,decker,4,3,furious-decker-w4-L3,120,0,4
weapon,furious,1,decker,5,3,furious-decker-w5-L3,120,0,123
weapon,furious,1,decker,6,3,furious-decker-w6-L3,120,0,210
weapon,furious,1,decker,7,3,furious-decker-w7-L3,120,0,51
weapon,furious,1,decker,0,5,furious-decker-w0-L5,120,0,93
weapon,furious,1,decker,1,5,furious-decker-w1-L5,120,0,108
weapon,furious,1,decker,2,5,furious-decker-w2-L5,120,0,51
weapon,furious,1,decker,3,5,furious-decker-w3-L5,120,0,4
weapon,furious,1,decker,4,5,furious-decker-w4-L5,120,0,4
weapon,furious,1,decker,5,5,furious-decker-w5-L5,120,0,293
weapon,furious,1,decker,6,5,furious-decker-w6-L5,120,0,252
weapon,furious,1,decker,7,5,furious-decker-w7-L5,120,0,93
weapon,furious,1,maverick,0,1,furious-maverick-w0-L1,120,0,31
weapon,furious,1,maverick,1,1,furious-maverick-w1-L1,120,0,45
weapon,furious,1,maverick,2,1,furious-maverick-w2-L1,120,0,27
weapon,furious,1,maverick,3,1,furious-maverick-w3-L1,120,0,63
weapon,furious,1,maverick,4,1,furious-maverick-w4-L1,120,0,4
weapon,furious,1,maverick,5,1,furious-maverick-w5-L1,120,0,55
weapon,furious,1,maverick,6,1,furious-maverick-w6-L1,120,0,171
weapon,furious,1,maverick,7,1,furious-maverick-w7-L1,120,0,23
weapon,furious,1,maverick,0,3,furious-maverick-w0-L3,120,0,63
weapon,furious,1,maverick,1,3,furious-maverick-w1-L3,120,0,78
weapon,furious,1,maverick,2,3,furious-maverick-w2-L3,120,0,39
weapon,furious,1,maverick,3,3,furious-maverick-w3-L3,120,0,63
weapon,furious,1,maverick,4,3,furious-maverick-w4-L3,120,0,4
weapon,furious,1,maverick,5,3,furious-maverick-w5-L3,120,0,123
weapon,furious,1,maverick,6,3,furious-maverick-w6-L3,120,0,210
weapon,furious,1,maverick,7,3,furious-maverick-w7-L3,120,0,51
weapon,furious,1,maverick,0,5,furious-maverick-w0-L5,120,0,93
weapon,furious,1,maverick,1,5,furious-maverick-w1-L5,120,0,108
weapon,furious,1,maverick,2,5,furious-maverick-w2-L5,120,0,51
weapon,furious,1,maverick,3,5,furious-maverick-w3-L5,120,0,63
weapon,furious,1,maverick,4,5,furious-maverick-w4-L5,120,0,4
weapon,furious,1,maverick,5,5,furious-maverick-w5-L5,120,0,302
weapon,furious,1,maverick,6,5,furious-maverick-w6-L5,120,0,288
weapon,furious,1,maverick,7,5,furious-maverick-w7-L5,120,0,93
weapon,furious,1,freezer,0,1,furious-freezer-w0-L1,120,0,27
weapon,furious,1,freezer,1,1,furious-freezer-w1-L1,120,0,39
weapon,furious,1,freezer,2,1,furious-freezer-w2-L1,120,0,25
weapon,furious,1,freezer,3,1,furious-freezer-w3-L1,120,0,4
weapon,furious,1,freezer,4,1,furious-freezer-w4-L1,120,0,4
weapon,furious,1,freezer,5,1,furious-freezer-w5-L1,120,0,55
weapon,furious,1,freezer,6,1,furious-freezer-w6-L1,120,0,171
weapon,furious,1,freezer,7,1,furious-freezer-w7-L1,120,0,23
weapon,furious,1,freezer,0,3,furious-freezer-w0-L3,120,0,59
weapon,furious,1,freezer,1,3,furious-freezer-w1-L3,120,0,73
weapon,furious,1,freezer,2,3,furious-freezer-w2-L3,120,0,36
weapon,furious,1,freezer,3,3,furious-freezer-w3-L3,120,0,4
weapon,furious,1,freezer,4,3,furious-freezer-w4-L3,120,0,4
weapon,furious,1,freezer,5,3,furious-freezer-w5-L3,120,0,123
weapon,furious,1,freezer,6,3,furious-freezer-w6-L3,120,0,210
weapon,furious,1,freezer,7,3,furious-freezer-w7-L3,120,0,51
weapon,furious,1,freezer,0,5,furious-freezer-w0-L5,120,0,93
weapon,furious,1,freezer,1,5,furious-freezer-w1-L5,120,0,108
weapon,furious,1,freezer,2,5,furious-freezer-w2-L5,120,0,47
weapon,furious,1,freezer,3,5,furious-freezer-w3-L5,120,0,4
weapon,furious,1,freezer,4,5,furious-freezer-w4-L5,120,0,4
weapon,furious,1,freezer,5,5,furious-freezer-w5-L5,120,0,293
weapon,furious,1,freezer,6,5,furious-freezer-w6-L5,120,0,252
weapon,furious,1,freezer,7,5,furious-freezer-w7-L5,120,0,93
weapon,furious,1,juggernaut,0,1,furious-juggernaut-w0-L1,120,0,27
weapon,furious,1,juggernaut,1,1,furious-juggernaut-w1-L1,120,0,39
weapon,furious,1,juggernaut,2,1,furious-juggernaut-w2-L1,120,0,25
weapon,furious,1,juggernaut,3,1,furious-juggernaut-w3-L1,120,0,4
weapon,furious,1,juggernaut,4,1,furious-juggernaut-w4-L1,120,0,4
weapon,furious,1,juggernaut,5,1,furious-juggernaut-w5-L1,120,0,55
weapon,furious,1,juggernaut,6,1,furious-juggernaut-w6-L1,120,0,162
weapon,furious,1,juggernaut,7,1,furious-juggernaut-w7-L1,120,0,23
weapon,furious,1,juggernaut,0,3,furious-juggernaut-w0-L3,120,0,59
weapon,furious,1,juggernaut,1,3,furious-juggernaut-w1-L3,120,0,73
weapon,furious,1,juggernaut,2,3,furious-juggernaut-w2-L3,120,0,36
weapon,furious,1,juggernaut,3,3,furious-juggernaut-w3-L3,120,0,4
weapon,furious,1,juggernaut,4,3,furious-juggernaut-w4-L3,120,0,4
weapon,furious,1,juggernaut,5,3,furious-juggernaut-w5-L3,120,0,123
weapon,furious,1,juggernaut,6,3,furious-juggernaut-w6-L3,120,0,210
weapon,furious,1,juggernaut,7,3,furious-juggernaut-w7-L3,120,0,51
weapon,furious,1,juggernaut,0,5,furious-juggernaut-w0-L5,120,0,93
weapon,furious,1,juggernaut,1,5,furious-juggernaut-w1-L5,120,0,108
weapon,furious,1,juggernaut,2,5,furious-juggernaut-w2-L5,120,0,47
weapon,furious,1,juggernaut,3,5,furious-juggernaut-w3-L5,120,0,4
weapon,furious,1,juggernaut,4,5,furious-juggernaut-w4-L5,120,0,4
weapon,furious,1,juggernaut,5,5,furious-juggernaut-w5-L5,120,0,293
weapon,furious,1,juggernaut,6,5,furious-juggernaut-w6-L5,120,0,252
weapon,furious,1,juggernaut,7,5,furious-juggernaut-w7-L5,120,0,93
weapon,furious,1,yuri,0,1,furious-yuri-w0-L1,120,0,31
weapon,furious,1,yuri,1,1,furious-yuri-w1-L1,120,0,45
weapon,furious,1,yuri,2,1,furious-yuri-w2-L1,120,0,27
weapon,furious,1,yuri,3,1,furious-yuri-w3-L1,120,0,4
weapon,furious,1,yuri,4,1,furious-yuri-w4-L1,120,0,4
weapon,furious,1,yuri,5,1,furious-yuri-w5-L1,120,0,55
weapon,furious,1,yuri,6,1,furious-yuri-w6-L1,120,0,171
weapon,furious,1,yuri,7,1,furious-yuri-w7-L1,120,0,23
weapon,furious,1,yuri,0,3,furious-yuri-w0-L3,120,0,63
weapon,furious,1,yuri,1,3,furious-yuri-w1-L3,120,0,78
weapon,furious,1,yuri,2,3,furious-yuri-w2-L3,120,0,39
weapon,furious,1,yuri,3,3,furious-yuri-w3-L3,120,0,4
weapon,furious,1,yuri,4,3,furious-yuri-w4-L3,120,0,4
weapon,furious,1,yuri,5,3,furious-yuri-w5-L3,120,0,123
weapon,furious,1,yuri,6,3,furious-yuri-w6-L3,120,0,210
weapon,furious,1,yuri,7,3,furious-yuri-w7-L3,120,0,51
weapon,furious,1,yuri,0,5,furious-yuri-w0-L5,120,0,111
weapon,furious,1,yuri,1,5,furious-yuri-w1-L5,120,0,129
weapon,furious,1,yuri,2,5,furious-yuri-w2-L5,120,0,51
weapon,furious,1,yuri,3,5,furious-yuri-w3-L5,120,0,4
weapon,furious,1,yuri,4,5,furious-yuri-w4-L5,120,0,4
weapon,furious,1,yuri,5,5,furious-yuri-w5-L5,120,0,302
weapon,furious,1,yuri,6,5,furious-yuri-w6-L5,120,0,237
weapon,furious,1,yuri,7,5,furious-yuri-w7-L5,120,0,93
weapon,furious,1,lizzie,0,1,furious-lizzie-w0-L1,120,0,27
weapon,furious,1,lizzie,1,1,furious-lizzie-w1-L1,120,0,39
weapon,furious,1,lizzie,2,1,furious-lizzie-w2-L1,120,0,27
weapon,furious,1,lizzie,3,1,furious-lizzie-w3-L1,120,0,4
weapon,furious,1,lizzie,4,1,furious-lizzie-w4-L1,120,0,4
weapon,furious,1,lizzie,5,1,furious-lizzie-w5-L1,120,0,55
weapon,furious,1,lizzie,6,1,furious-lizzie-w6-L1,120,0,171
weapon,furious,1,lizzie,7,1,furious-lizzie-w7-L1,120,0,23
weapon,furious,1,lizzie,0,3,furious-lizzie-w0-L3,120,0,59
weapon,furious,1,lizzie,1,3,furious-lizzie-w1-L3,120,0,73
weapon,furious,1,lizzie,2,3,furious-lizzie-w2-L3,120,0,39
weapon,furious,1,lizzie,3,3,furious-lizzie-w3-L3,120,0,4
weapon,furious,1,lizzie,4,3,furious-lizzie-w4-L3,120,0,4
weapon,furious,1,lizzie,5,3,furious-lizzie-w5-L3,120,0,123
weapon,furious,1,lizzie,6,3,furious-lizzie-w6-L3,120,0,210
weapon,furious,1,lizzie,7,3,furious-lizzie-w7-L3,120,0,51
weapon,furious,1,lizzie,0,5,furious-lizzie-w0-L5,120,0,93
weapon,furious,1,lizzie,1,5,furious-lizzie-w1-L5,120,0,108
weapon,furious,1,lizzie,2,5,furious-lizzie-w2-L5,120,0,51
weapon,furious,1,lizzie,3,5,furious-lizzie-w3-L5,120,0,4
weapon,furious,1,lizzie,4,5,furious-lizzie-w4-L5,120,0,4
weapon,furious,1,lizzie,5,5,furious-lizzie-w5-L5,120,0,293
weapon,furious,1,lizzie,6,5,furious-lizzie-w6-L5,120,0,252
weapon,furious,1,lizzie,7,5,furious-lizzie-w7-L5,120,0,93
weapon,furious,1,falva,0,1,furious-falva-w0-L1,120,0,31
weapon,furious,1,falva,1,1,furious-falva-w1-L1,120,0,45
weapon,furious,1,falva,2,1,furious-falva-w2-L1,120,0,27
weapon,furious,1,falva,3,1,furious-falva-w3-L1,120,0,4
weapon,furious,1,falva,4,1,furious-falva-w4-L1,120,0,4
weapon,furious,1,falva,5,1,furious-falva-w5-L1,120,0,55
weapon,furious,1,falva,6,1,furious-falva-w6-L1,120,0,171
weapon,furious,1,falva,7,1,furious-falva-w7-L1,120,0,23
weapon,furious,1,falva,0,3,furious-falva-w0-L3,120,0,63
weapon,furious,1,falva,1,3,furious-falva-w1-L3,120,0,78
weapon,furious,1,falva,2,3,furious-falva-w2-L3,120,0,39
weapon,furious,1,falva,3,3,furious-falva-w3-L3,120,0,4
weapon,furious,1,falva,4,3,furious-falva-w4-L3,120,0,4
weapon,furious,1,falva,5,3,furious-falva-w5-L3,120,0,123
weapon,furious,1,falva,6,3,furious-falva-w6-L3,120,0,210
weapon,furious,1,falva,7,3,furious-falva-w7-L3,120,0,51
weapon,furious,1,falva,0,5,furious-falva-w0-L5,120,0,111
weapon,furious,1,falva,1,5,furious-falva-w1-L5,120,0,129
weapon,furious,1,falva,2,5,furious-falva-w2-L5,120,0,51
weapon,furious,1,falva,3,5,furious-falva-w3-L5,120,0,4
weapon,furious,1,falva,4,5,furious-falva-w4-L5,120,0,4
weapon,furious,1,falva,5,5,furious-falva-w5-L5,120,0,302
weapon,furious,1,falva,6,5,furious-falva-w6-L5,120,0,237
weapon,furious,1,falva,7,5,furious-falva-w7-L5,120,0,93
weapon,furious,1,cole,0,1,furious-cole-w0-L1,120,0,31
weapon,furious,1,cole,1,1,furious-cole-w1-L1,120,0,45
weapon,furious,1,cole,2,1,furious-cole-w2-L1,120,0,27
weapon,furious,1,cole,3,1,furious-cole-w3-L1,120,0,4
weapon,furious,1,cole,4,1,furious-cole-w4-L1,120,0,4
weapon,furious,1,cole,5,1,furious-cole-w5-L1,120,0,55
weapon,furious,1,cole,6,1,furious-cole-w6-L1,120,0,171
weapon,furious,1,cole,7,1,furious-cole-w7-L1,120,0,23
weapon,furious,1,cole,0,3,furious-cole-w0-L3,120,0,63
weapon,furious,1,cole,1,3,furious-cole-w1-L3,120,0,78
weapon,furious,1,cole,2,3,furious-cole-w2-L3,120,0,39
weapon,furious,1,cole,3,3,furious-cole-w3-L3,120,0,4
weapon,furious,1,cole,4,3,furious-cole-w4-L3,120,0,4
weapon,furious,1,cole,5,3,furious-cole-w5-L3,120,0,123
weapon,furious,1,cole,6,3,furious-cole-w6-L3,120,0,210
weapon,furious,1,cole,7,3,furious-cole-w7-L3,120,0,51
weapon,furious,1,cole,0,5,furious-cole-w0-L5,120,0,93
weapon,furious,1,cole,1,5,furious-cole-w1-L5,120,0,108
weapon,furious,1,cole,2,5,furious-cole-w2-L5,120,0,51
weapon,furious,1,cole,3,5,furious-cole-w3-L5,120,0,4
weapon,furious,1,cole,4,5,furious-cole-w4-L5,120,0,4
weapon,furious,1,cole,5,5,furious-cole-w5-L5,120,0,302
weapon,furious,1,cole,6,5,furious-cole-w6-L5,120,0,288
weapon,furious,1,cole,7,5,furious-cole-w7-L5,120,0,93
primary-final,easy,1,axel,7,1,easy-axel-w7-L1,180,0,30
primary-final,easy,1,axel,7,3,easy-axel-w7-L3,180,0,72
primary-final,easy,1,axel,7,5,easy-axel-w7-L5,180,0,135
primary-final,easy,1,decker,7,1,easy-decker-w7-L1,180,0,30
primary-final,easy,1,decker,7,3,easy-decker-w7-L3,180,0,72
primary-final,easy,1,decker,7,5,easy-decker-w7-L5,180,0,135
primary-final,easy,1,maverick,7,1,easy-maverick-w7-L1,180,0,30
primary-final,easy,1,maverick,7,3,easy-maverick-w7-L3,180,0,72
primary-final,easy,1,maverick,7,5,easy-maverick-w7-L5,180,0,135
primary-final,easy,1,freezer,7,1,easy-freezer-w7-L1,180,0,30
primary-final,easy,1,freezer,7,3,easy-freezer-w7-L3,180,0,72
primary-final,easy,1,freezer,7,5,easy-freezer-w7-L5,180,0,135
primary-final,easy,1,juggernaut,7,1,easy-juggernaut-w7-L1,180,0,30
primary-final,easy,1,juggernaut,7,3,easy-juggernaut-w7-L3,180,0,72
primary-final,easy,1,juggernaut,7,5,easy-juggernaut-w7-L5,180,0,135
primary-final,easy,1,yuri,7,1,easy-yuri-w7-L1,180,0,30
primary-final,easy,1,yuri,7,3,easy-yuri-w7-L3,180,0,72
primary-final,easy,1,yuri,7,5,easy-yuri-w7-L5,180,0,135
primary-final,easy,1,lizzie,7,1,easy-lizzie-w7-L1,180,0,30
primary-final,easy,1,lizzie,7,3,easy-lizzie-w7-L3,180,0,72
primary-final,easy,1,lizzie,7,5,easy-lizzie-w7-L5,180,0,135
primary-final,easy,1,falva,7,1,easy-falva-w7-L1,180,0,30
primary-final,easy,1,falva,7,3,easy-falva-w7-L3,180,0,72
primary-final,easy,1,falva,7,5,easy-falva-w7-L5,180,0,135
primary-final,easy,1,cole,7,1,easy-cole-w7-L1,180,0,30
primary-final,easy,1,cole,7,3,easy-cole-w7-L3,180,0,72
primary-final,easy,1,cole,7,5,easy-cole-w7-L5,180,0,135
primary-final,easy,1,yuri,8,1,easy-yuri-w8-L1,180,0,12
primary-final,easy,1,yuri,8,3,easy-yuri-w8-L3,180,0,35
primary-final,easy,1,yuri,8,5,easy-yuri-w8-L5,180,0,49
primary-final,normal,1,axel,7,1,normal-axel-w7-L1,180,0,30
primary-final,normal,1,axel,7,3,normal-axel-w7-L3,180,0,72
primary-final,normal,1,axel,7,5,normal-axel-w7-L5,180,0,135
primary-final,normal,1,decker,7,1,normal-decker-w7-L1,180,0,30
primary-final,normal,1,decker,7,3,normal-decker-w7-L3,180,0,72
primary-final,normal,1,decker,7,5,normal-decker-w7-L5,180,0,135
primary-final,normal,1,maverick,7,1,normal-maverick-w7-L1,180,0,30
primary-final,normal,1,maverick,7,3,normal-maverick-w7-L3,180,0,72
primary-final,normal,1,maverick,7,5,normal-maverick-w7-L5,180,0,135
primary-final,normal,1,freezer,7,1,normal-freezer-w7-L1,180,0,30
primary-final,normal,1,freezer,7,3,normal-freezer-w7-L3,180,0,72
primary-final,normal,1,freezer,7,5,normal-freezer-w7-L5,180,0,135
primary-final,normal,1,juggernaut,7,1,normal-juggernaut-w7-L1,180,0,30
primary-final,normal,1,juggernaut,7,3,normal-juggernaut-w7-L3,180,0,72
primary-final,normal,1,juggernaut,7,5,normal-juggernaut-w7-L5,180,0,135
primary-final,normal,1,yuri,7,1,normal-yuri-w7-L1,180,0,30
primary-final,normal,1,yuri,7,3,normal-yuri-w7-L3,180,0,72
primary-final,normal,1,yuri,7,5,normal-yuri-w7-L5,180,0,135
primary-final,normal,1,lizzie,7,1,normal-lizzie-w7-L1,180,0,30
primary-final,normal,1,lizzie,7,3,normal-lizzie-w7-L3,180,0,72
primary-final,normal,1,lizzie,7,5,normal-lizzie-w7-L5,180,0,135
primary-final,normal,1,falva,7,1,normal-falva-w7-L1,180,0,30
primary-final,normal,1,falva,7,3,normal-falva-w7-L3,180,0,72
primary-final,normal,1,falva,7,5,normal-falva-w7-L5,180,0,135
primary-final,normal,1,cole,7,1,normal-cole-w7-L1,180,0,30
primary-final,normal,1,cole,7,3,normal-cole-w7-L3,180,0,72
primary-final,normal,1,cole,7,5,normal-cole-w7-L5,180,0,135
primary-final,normal,1,yuri,8,1,normal-yuri-w8-L1,180,0,12
primary-final,normal,1,yuri,8,3,normal-yuri-w8-L3,180,0,35
primary-final,normal,1,yuri,8,5,normal-yuri-w8-L5,180,0,49
primary-final,hard,1,axel,7,1,hard-axel-w7-L1,180,0,30
primary-final,hard,1,axel,7,3,hard-axel-w7-L3,180,0,72
primary-final,hard,1,axel,7,5,hard-axel-w7-L5,180,0,135
primary-final,hard,1,decker,7,1,hard-decker-w7-L1,180,0,30
primary-final,hard,1,decker,7,3,hard-decker-w7-L3,180,0,72
primary-final,hard,1,decker,7,5,hard-decker-w7-L5,180,0,135
primary-final,hard,1,maverick,7,1,hard-maverick-w7-L1,180,0,30
primary-final,hard,1,maverick,7,3,hard-maverick-w7-L3,180,0,72
primary-final,hard,1,maverick,7,5,hard-maverick-w7-L5,180,0,135
primary-final,hard,1,freezer,7,1,hard-freezer-w7-L1,180,0,30
primary-final,hard,1,freezer,7,3,hard-freezer-w7-L3,180,0,72
primary-final,hard,1,freezer,7,5,hard-freezer-w7-L5,180,0,135
primary-final,hard,1,juggernaut,7,1,hard-juggernaut-w7-L1,180,0,30
primary-final,hard,1,juggernaut,7,3,hard-juggernaut-w7-L3,180,0,72
primary-final,hard,1,juggernaut,7,5,hard-juggernaut-w7-L5,180,0,135
primary-final,hard,1,yuri,7,1,hard-yuri-w7-L1,180,0,30
primary-final,hard,1,yuri,7,3,hard-yuri-w7-L3,180,0,72
primary-final,hard,1,yuri,7,5,hard-yuri-w7-L5,180,0,135
primary-final,hard,1,lizzie,7,1,hard-lizzie-w7-L1,180,0,30
primary-final,hard,1,lizzie,7,3,hard-lizzie-w7-L3,180,0,72
primary-final,hard,1,lizzie,7,5,hard-lizzie-w7-L5,180,0,135
primary-final,hard,1,falva,7,1,hard-falva-w7-L1,180,0,30
primary-final,hard,1,falva,7,3,hard-falva-w7-L3,180,0,72
primary-final,hard,1,falva,7,5,hard-falva-w7-L5,180,0,135
primary-final,hard,1,cole,7,1,hard-cole-w7-L1,180,0,30
primary-final,hard,1,cole,7,3,hard-cole-w7-L3,180,0,72
primary-final,hard,1,cole,7,5,hard-cole-w7-L5,180,0,135
primary-final,hard,1,yuri,8,1,hard-yuri-w8-L1,180,0,12
primary-final,hard,1,yuri,8,3,hard-yuri-w8-L3,180,0,35
primary-final,hard,1,yuri,8,5,hard-yuri-w8-L5,180,0,49
primary-final,furious,1,axel,7,1,furious-axel-w7-L1,180,0,30
primary-final,furious,1,axel,7,3,furious-axel-w7-L3,180,0,72
primary-final,furious,1,axel,7,5,furious-axel-w7-L5,180,0,135
primary-final,furious,1,decker,7,1,furious-decker-w7-L1,180,0,30
primary-final,furious,1,decker,7,3,furious-decker-w7-L3,180,0,72
primary-final,furious,1,decker,7,5,furious-decker-w7-L5,180,0,135
primary-final,furious,1,maverick,7,1,furious-maverick-w7-L1,180,0,30
primary-final,furious,1,maverick,7,3,furious-maverick-w7-L3,180,0,72
primary-final,furious,1,maverick,7,5,furious-maverick-w7-L5,180,0,135
primary-final,furious,1,freezer,7,1,furious-freezer-w7-L1,180,0,30
primary-final,furious,1,freezer,7,3,furious-freezer-w7-L3,180,0,72
primary-final,furious,1,freezer,7,5,furious-freezer-w7-L5,180,0,135
primary-final,furious,1,juggernaut,7,1,furious-juggernaut-w7-L1,180,0,30
primary-final,furious,1,juggernaut,7,3,furious-juggernaut-w7-L3,180,0,72
primary-final,furious,1,juggernaut,7,5,furious-juggernaut-w7-L5,180,0,135
primary-final,furious,1,yuri,7,1,furious-yuri-w7-L1,180,0,30
primary-final,furious,1,yuri,7,3,furious-yuri-w7-L3,180,0,72
primary-final,furious,1,yuri,7,5,furious-yuri-w7-L5,180,0,135
primary-final,furious,1,lizzie,7,1,furious-lizzie-w7-L1,180,0,30
primary-final,furious,1,lizzie,7,3,furious-lizzie-w7-L3,180,0,72
primary-final,furious,1,lizzie,7,5,furious-lizzie-w7-L5,180,0,135
primary-final,furious,1,falva,7,1,furious-falva-w7-L1,180,0,30
primary-final,furious,1,falva,7,3,furious-falva-w7-L3,180,0,72
primary-final,furious,1,falva,7,5,furious-falva-w7-L5,180,0,135
primary-final,furious,1,cole,7,1,furious-cole-w7-L1,180,0,30
primary-final,furious,1,cole,7,3,furious-cole-w7-L3,180,0,72
primary-final,furious,1,cole,7,5,furious-cole-w7-L5,180,0,135
primary-final,furious,1,yuri,8,1,furious-yuri-w8-L1,180,0,12
primary-final,furious,1,yuri,8,3,furious-yuri-w8-L3,180,0,35
primary-final,furious,1,yuri,8,5,furious-yuri-w8-L5,180,0,49
final-recheck,easy,3,yuri,,3,easy-s3-cryospear,1440,0,67
final-recheck,easy,3,yuri,,3,easy-s3-frostcruiser,1440,0,16
final-recheck,easy,6,yuri,,3,easy-s6-warhive-ace,1440,0,48
final-recheck,easy,6,yuri,,3,easy-s6-warhive-stage,2160,0,153
final-recheck,easy,8,yuri,,3,easy-s8-heralddeath,1440,0,15
final-recheck,normal,3,yuri,,3,normal-s3-cryospear,1440,0,90
final-recheck,normal,3,yuri,,3,normal-s3-frostcruiser,1440,0,30
final-recheck,normal,6,yuri,,3,normal-s6-warhive-ace,1440,0,72
final-recheck,normal,6,yuri,,3,normal-s6-warhive-stage,2160,0,307
final-recheck,normal,8,yuri,,3,normal-s8-heralddeath,1440,0,9
final-recheck,hard,3,yuri,,3,hard-s3-cryospear,1440,0,111
final-recheck,hard,3,yuri,,3,hard-s3-frostcruiser,1440,0,55
final-recheck,hard,6,yuri,,3,hard-s6-warhive-ace,1440,0,58
final-recheck,hard,6,yuri,,3,hard-s6-warhive-stage,2160,0,553
final-recheck,hard,8,yuri,,3,hard-s8-heralddeath,1440,0,14
final-recheck,furious,3,yuri,,3,furious-s3-cryospear,1440,0,56
final-recheck,furious,3,yuri,,3,furious-s3-frostcruiser,1440,0,55
final-recheck,furious,6,yuri,,3,furious-s6-warhive-ace,1440,0,66
final-recheck,furious,6,yuri,,3,furious-s6-warhive-stage,2160,0,650
final-recheck,furious,8,yuri,,3,furious-s8-heralddeath,1440,0,19
